Code,ExperiencedHealthGoodVeryGood,OneOrMorePhysicalLimitations,LimitationInMovement,Underweight,NormalWeight,Overweight,SatisfiesPhysicalActivityGuidelines,WeeklySportsParticipant,Smokers,ExcessiveDrinker,DistanceToGP,GPWithin5Km,DistanceToLargeSupermarket,SMWithin5Km,DistanceToDepartmentStore,DSWithin20Km,DistanceToCafe,CafeWithin5Km_35,DistanceToSnackBar,SBWithin5Km,DistanceToRestaurant,RestWithin5Km,DistanceToAccessMainRoad,DistanceToTrainStationsTotal,DistanceToImportantTransferStation,Gemeentenaam,ProvinciecodePV,Provincienaam,Population,DensityPerKM,CarsPer1000
GM1680,83.1,13.8,8.2,0.7,50.1,49.2,47.3,48.3,14.3,5.4,2.4,2.0,2.1,2.8,5.2,7.6,3.3,1.8,2.4,3.7,1.0,10.6,1.6,12.5,28.6,Aa en Hunze,PV22,Drenthe,25445.0,92.0,576.0
GM0358,82.7,10.2,5.8,1.2,50.3,48.5,48.1,58.8,13.0,5.0,0.9,8.9,0.8,10.3,3.3,34.1,1.7,5.3,0.7,18.6,0.6,36.0,1.1,8.1,8.9,Aalsmeer,PV27,Noord-Holland,31859.0,1584.0,532.0
GM0197,79.1,15.1,8.3,1.4,49.2,49.4,56.2,51.5,14.7,6.6,1.5,3.2,1.4,3.2,1.7,7.5,1.2,2.7,1.1,6.5,0.9,11.6,1.0,4.4,41.0,Aalten,PV25,Gelderland,27121.0,281.0,527.0
GM0059,79.1,16.0,11.4,0.8,42.6,56.6,48.7,40.7,19.8,7.9,1.6,3.1,1.5,4.9,4.7,5.7,1.8,6.2,1.0,7.5,1.3,6.0,1.3,7.3,26.8,Achtkarspelen,PV21,Friesland,27843.0,272.0,529.0
GM0482,77.0,17.1,11.5,2.0,41.7,56.3,42.9,40.0,14.9,5.2,0.8,6.5,0.6,7.2,1.3,32.4,0.8,7.9,0.5,17.0,0.6,17.5,2.3,8.5,11.2,Alblasserdam,PV28,Zuid-Holland,20165.0,2297.0,454.0
GM0613,80.6,11.9,6.2,1.8,43.9,54.3,46.7,57.3,12.0,3.5,0.9,13.2,0.9,16.3,1.8,37.3,1.2,12.7,0.8,34.1,0.9,30.9,1.6,8.9,10.6,Albrandswaard,PV28,Zuid-Holland,25590.0,1180.0,496.0
GM0361,79.4,12.8,8.0,2.3,50.2,47.4,57.0,54.1,15.7,6.8,1.0,17.6,0.8,20.6,2.3,15.9,1.2,41.9,0.8,82.4,0.8,90.8,1.1,3.0,3.9,Alkmaar,PV27,Noord-Holland,109436.0,991.0,452.0
GM0141,77.1,20.2,12.9,1.7,42.1,56.3,49.1,41.3,21.8,6.8,1.0,15.3,0.8,19.8,2.2,13.7,1.3,18.0,0.6,54.1,0.9,49.1,2.4,2.2,2.6,Almelo,PV23,Overijssel,73107.0,1087.0,473.0
GM0034,76.4,13.6,8.0,2.2,43.3,54.5,43.4,47.1,16.3,4.0,1.0,11.0,0.8,19.7,2.7,8.1,1.7,17.7,0.7,59.2,0.8,66.3,1.5,2.0,4.6,Almere,PV24,Flevoland,211893.0,1640.0,1283.0
GM0484,80.1,12.6,7.1,1.3,48.3,50.4,48.6,49.6,16.0,6.3,0.9,9.5,0.9,12.5,3.3,22.3,1.3,14.0,0.9,35.0,0.7,51.0,1.7,3.2,14.2,Alphen aan den Rijn,PV28,Zuid-Holland,111897.0,886.0,477.0
GM1723,82.5,10.9,5.4,1.6,50.4,48.1,50.7,50.6,9.7,8.9,1.6,1.5,1.5,1.8,7.1,14.6,1.0,3.2,1.3,5.0,0.9,9.1,1.1,12.6,12.9,Alphen-Chaam,PV30,Noord-Brabant,10203.0,110.0,599.0
GM1959,81.1,11.5,6.7,2.4,42.7,54.8,44.6,44.3,14.3,4.9,1.0,2.3,1.0,3.1,5.2,7.8,1.6,3.5,1.2,5.9,1.3,6.0,2.0,12.9,25.8,Altena,PV30,Noord-Brabant,55967.0,279.0,527.0
GM0060,81.9,13.1,7.2,2.8,43.6,53.6,64.2,38.5,16.9,6.9,2.2,1.0,0.4,3.1,29.0,0.0,4.6,1.6,0.4,7.7,0.3,18.4,19.1,39.6,45.2,Ameland,PV21,Friesland,3716.0,63.0,507.0
GM0307,80.7,11.2,6.7,1.9,54.3,43.8,,,14.7,4.2,0.8,15.6,0.7,29.7,1.8,24.0,1.1,36.5,0.6,83.8,0.5,116.9,1.6,2.6,4.5,Amersfoort,PV26,Utrecht,157276.0,2512.0,739.0
GM0362,82.3,11.3,7.5,2.7,55.1,42.2,48.7,57.3,12.2,5.3,0.8,20.9,0.7,29.4,2.8,39.1,1.4,14.8,0.7,75.3,0.5,146.1,1.4,6.4,6.4,Amstelveen,PV27,Noord-Holland,91675.0,2229.0,413.0
GM0363,79.3,14.9,9.4,2.7,58.1,39.3,56.9,58.6,21.8,7.1,0.5,76.5,0.5,91.9,1.6,41.5,0.7,381.1,0.4,552.8,0.3,1027.2,2.0,2.5,4.3,Amsterdam,PV27,Noord-Holland,872757.0,5273.0,269.0
GM0200,79.2,14.2,9.4,2.0,47.1,51.0,48.7,49.4,16.0,5.5,0.9,18.2,0.8,28.3,2.3,10.3,1.4,45.0,0.7,78.1,0.7,94.7,2.2,3.2,4.0,Apeldoorn,PV25,Gelderland,163818.0,482.0,503.0
GM0003,72.8,20.1,15.3,1.5,38.1,60.4,44.5,36.7,18.4,6.4,1.4,2.4,0.9,6.0,1.1,3.9,1.0,8.3,0.7,12.7,0.9,14.6,1.0,1.5,25.5,Appingedam,PV20,Groningen,11642.0,490.0,475.0
GM0202,80.2,15.5,8.7,1.1,54.3,44.6,53.8,53.1,21.3,7.4,0.9,14.6,0.7,35.0,1.9,19.9,1.1,76.8,0.6,113.7,0.7,143.9,1.8,2.1,4.2,Arnhem,PV25,Gelderland,161348.0,1649.0,406.0
GM0106,78.8,13.6,8.3,0.5,46.8,52.7,50.1,45.3,16.3,4.3,1.2,8.5,0.9,16.1,2.3,6.5,1.5,17.7,0.9,33.7,1.0,63.5,2.5,3.2,26.7,Assen,PV22,Drenthe,68599.0,838.0,483.0
GM0743,78.4,15.6,7.6,3.2,52.8,43.9,48.7,55.6,13.6,9.1,1.3,4.3,1.1,7.5,1.7,11.7,0.9,12.3,0.9,14.6,0.8,20.0,1.9,8.3,22.9,Asten,PV30,Noord-Brabant,16721.0,238.0,537.0
GM0744,74.7,15.3,10.4,0.8,46.2,53.1,48.5,45.2,14.3,6.6,2.3,1.0,2.2,2.6,2.5,7.2,1.2,3.3,2.1,9.0,1.2,9.3,2.3,19.0,19.4,Baarle-Nassau,PV30,Noord-Brabant,6859.0,90.0,602.0
GM0308,80.9,10.6,6.2,3.2,52.9,43.9,,,13.3,6.0,0.9,11.1,0.6,12.7,1.3,24.5,1.2,11.6,0.7,28.5,0.6,50.8,1.3,1.5,8.5,Baarn,PV26,Utrecht,24868.0,764.0,493.0
GM0489,83.6,11.7,7.3,1.3,47.6,51.0,40.2,51.7,14.2,4.0,1.3,22.6,1.3,16.8,1.9,42.3,1.7,11.7,1.0,48.7,1.1,46.6,2.3,3.2,10.8,Barendrecht,PV28,Zuid-Holland,48714.0,2467.0,478.0
GM0203,84.2,13.7,7.9,2.7,47.9,49.4,50.9,46.8,15.7,5.9,1.3,4.0,1.1,8.2,2.7,17.4,1.8,4.4,1.2,16.0,1.6,17.5,1.4,3.3,18.5,Barneveld,PV25,Gelderland,59082.0,336.0,491.0
GM0888,75.3,18.1,12.6,1.5,43.8,54.7,44.3,45.6,13.9,5.0,1.0,12.7,1.0,13.8,2.3,20.1,0.5,44.7,0.6,52.7,0.6,51.8,1.6,1.9,8.5,Beek,PV31,Limburg,15865.0,754.0,600.0
GM1954,73.7,16.9,10.7,1.4,43.0,55.6,42.7,46.5,15.7,5.2,0.9,8.7,1.1,11.2,4.1,17.7,0.7,27.5,0.7,39.7,0.7,37.7,1.3,3.9,8.9,Beekdaelen,PV31,Limburg,35938.0,459.0,601.0
GM0370,84.2,10.9,6.4,1.7,53.8,44.5,51.7,53.0,11.4,4.8,1.5,7.0,1.6,7.4,5.1,17.8,1.2,11.7,1.4,19.0,1.1,27.1,1.4,6.3,16.9,Beemster,PV27,Noord-Holland,10022.0,142.0,521.0
GM0889,73.9,20.1,12.8,2.4,44.6,53.0,52.7,44.7,16.0,4.8,1.0,3.7,0.7,6.6,1.5,8.0,0.7,10.7,0.6,15.4,0.8,14.6,2.6,1.4,11.6,Beesel,PV31,Limburg,13482.0,482.0,529.0
GM1945,74.2,14.2,8.8,1.2,46.6,52.2,49.4,52.0,17.1,5.8,1.0,5.4,0.9,7.7,5.6,11.1,1.4,18.3,0.9,24.0,1.0,33.8,1.1,7.4,10.2,Berg en Dal,PV25,Gelderland,34992.0,405.0,523.0
GM1724,80.3,14.8,7.1,2.7,44.0,53.2,47.8,51.2,12.5,6.7,1.2,4.2,1.3,4.5,2.8,12.8,0.8,8.1,1.0,11.3,0.8,11.7,3.3,19.1,19.4,Bergeijk,PV30,Noord-Brabant,18635.0,184.0,577.0
GM0893,74.8,16.3,8.8,1.7,43.6,54.7,49.9,42.5,18.1,6.7,2.2,1.4,2.4,2.7,4.5,4.7,1.4,3.4,1.1,5.3,0.7,9.4,1.6,8.1,28.7,Bergen (L.),PV31,Limburg,13085.0,127.0,592.0
GM0373,80.7,10.5,7.4,1.8,55.8,42.4,58.2,52.1,12.7,8.3,1.3,3.9,0.9,7.4,3.9,11.8,1.1,8.8,0.7,23.7,0.7,34.3,1.5,6.4,7.6,Bergen (NH.),PV27,Noord-Holland,29839.0,302.0,532.0
GM0748,76.3,16.0,9.7,1.2,44.0,54.8,49.1,47.3,17.5,5.5,0.9,10.7,0.8,16.2,2.0,5.0,1.0,47.6,0.6,49.5,0.8,53.0,1.9,2.7,14.7,Bergen op Zoom,PV30,Noord-Brabant,67496.0,844.0,481.0
GM1859,82.4,13.6,8.8,1.2,44.7,54.1,52.0,52.6,14.5,9.9,1.6,2.4,1.5,3.5,2.8,11.4,2.2,3.6,1.3,6.5,1.1,8.3,1.3,9.4,23.3,Berkelland,PV25,Gelderland,43747.0,170.0,559.0
GM1721,82.2,13.0,8.6,2.0,50.0,48.0,49.9,58.6,12.1,6.7,1.3,6.3,1.0,8.1,3.7,16.3,0.8,12.3,0.7,19.8,1.0,24.5,2.2,8.0,18.4,Bernheze,PV30,Noord-Brabant,31240.0,348.0,541.0
GM0753,79.9,13.2,9.0,1.0,46.6,52.4,47.8,56.4,10.3,5.8,0.9,10.7,0.7,9.5,1.7,23.0,1.1,9.8,0.6,15.9,0.8,23.1,1.6,1.5,11.2,Best,PV30,Noord-Brabant,29988.0,874.0,518.0
GM0209,74.1,11.3,6.5,1.5,45.4,53.1,48.1,53.3,16.4,6.2,0.9,8.1,1.0,8.1,2.2,14.4,1.2,13.1,0.9,29.6,0.8,29.3,2.6,6.8,8.0,Beuningen,PV25,Gelderland,25890.0,593.0,531.0
GM0375,75.4,16.8,10.1,2.3,43.9,53.8,54.5,49.0,18.1,6.7,0.7,20.1,0.6,22.8,1.8,21.9,0.6,35.8,0.5,58.8,0.5,66.7,1.6,1.8,13.0,Beverwijk,PV27,Noord-Holland,41626.0,2262.0,463.0
GM0310,80.3,11.4,7.7,1.8,56.3,41.9,,,12.1,6.8,1.0,11.5,0.9,15.3,2.2,35.4,1.7,14.3,1.0,35.7,0.7,68.7,1.6,2.5,8.2,De Bilt,PV26,Utrecht,43137.0,652.0,490.0
GM1728,81.3,12.3,7.6,1.9,47.2,50.9,53.2,52.2,12.3,7.7,1.3,6.7,1.5,6.0,2.4,10.9,0.7,14.1,0.7,18.2,0.9,19.3,1.5,20.4,21.7,Bladel,PV30,Noord-Brabant,20390.0,271.0,572.0
GM0376,82.4,12.4,7.7,3.1,57.2,39.7,49.3,53.7,12.7,8.3,1.0,12.5,0.8,15.5,3.1,18.3,2.0,3.4,0.8,30.9,0.6,55.0,1.4,8.0,9.3,Blaricum,PV27,Noord-Holland,11540.0,1038.0,583.0
GM0377,85.3,10.4,6.2,2.3,61.8,35.9,66.4,67.2,9.7,8.7,0.9,24.1,0.7,28.3,2.5,25.5,1.3,58.2,0.7,107.7,0.7,163.7,1.2,1.8,5.2,Bloemendaal,PV27,Noord-Holland,23571.0,592.0,519.0
GM1901,84.1,12.0,8.0,1.3,49.4,49.4,47.8,50.0,13.1,5.4,1.1,6.6,0.8,6.8,3.0,14.1,1.1,7.3,1.0,21.5,1.1,23.9,1.3,3.0,8.5,Bodegraven-Reeuwijk,PV28,Zuid-Holland,34872.0,463.0,490.0
GM0755,81.7,14.7,7.8,1.3,49.7,49.0,51.7,57.1,10.9,5.8,1.7,2.2,1.7,3.3,1.8,10.6,1.4,7.3,0.9,9.5,0.9,7.9,1.3,17.7,27.8,Boekel,PV30,Noord-Brabant,10785.0,313.0,545.0
GM1681,78.4,15.7,9.5,2.3,40.7,57.0,46.1,40.5,15.6,5.6,1.9,2.3,1.9,3.0,4.2,6.8,4.2,2.0,1.8,6.5,1.1,9.8,2.0,15.4,44.2,Borger-Odoorn,PV22,Drenthe,25559.0,93.0,598.0
GM0147,84.0,13.2,8.6,1.3,45.6,53.1,55.1,54.4,14.6,7.7,1.1,5.4,1.0,9.9,1.5,18.4,1.2,13.7,0.6,32.7,0.8,32.6,1.0,1.5,5.9,Borne,PV23,Overijssel,23312.0,897.0,504.0
GM0654,76.6,14.5,8.2,1.5,44.7,53.9,44.8,41.7,15.7,6.8,1.6,1.7,1.3,1.8,10.6,2.3,1.4,1.9,1.4,3.0,1.9,4.0,1.6,8.9,56.1,Borsele,PV29,Zeeland,22739.0,161.0,569.0
GM0756,79.9,13.2,8.9,0.8,51.0,48.2,53.3,57.6,12.0,7.7,1.3,4.0,1.2,4.8,3.1,7.8,1.6,4.9,0.8,12.4,0.9,15.5,2.3,2.8,26.7,Boxmeer,PV30,Noord-Brabant,29365.0,263.0,541.0
GM0757,79.8,13.9,8.1,0.8,49.3,49.9,55.1,55.8,16.4,6.7,1.0,5.5,0.9,9.1,1.9,22.7,1.0,18.7,0.8,22.8,0.9,28.1,1.7,2.3,13.0,Boxtel,PV30,Noord-Brabant,30801.0,483.0,485.0
GM0758,79.0,14.7,8.9,2.1,51.4,46.5,50.0,57.7,17.5,6.5,0.7,20.4,0.7,30.2,1.6,16.4,0.8,97.3,0.6,147.8,0.6,140.5,2.5,3.0,3.7,Breda,PV30,Noord-Brabant,184069.0,1464.0,822.0
GM0501,81.3,13.3,8.4,1.0,47.0,51.9,45.3,49.2,14.9,5.4,1.6,2.4,1.0,4.6,2.0,11.2,1.3,7.8,0.7,12.2,1.0,19.2,0.9,22.7,26.8,Brielle,PV28,Zuid-Holland,17271.0,627.0,557.0
GM1876,81.1,11.2,6.9,0.9,45.9,53.1,52.3,50.9,13.5,6.8,1.8,2.0,1.7,3.3,3.1,16.0,2.8,2.1,1.3,5.9,1.3,8.1,1.1,6.2,16.7,Bronckhorst,PV25,Gelderland,36055.0,127.0,596.0
GM0213,80.2,15.6,10.7,1.4,42.2,56.4,51.2,47.3,15.0,6.4,1.1,3.5,1.1,3.7,3.7,14.2,4.3,1.0,0.9,8.9,0.9,10.0,1.2,4.5,9.4,Brummen,PV25,Gelderland,20726.0,248.0,547.0
GM0899,69.8,23.5,16.0,1.9,39.1,59.1,39.2,40.3,19.9,5.1,1.0,14.6,0.6,21.4,1.4,14.8,0.5,47.0,0.4,77.7,0.5,46.5,1.0,6.2,7.3,Brunssum,PV31,Limburg,27821.0,1613.0,550.0
GM0312,84.5,9.7,5.3,1.2,57.5,41.3,,,9.7,5.6,0.8,7.6,0.7,7.8,2.7,29.5,0.6,10.3,0.7,20.7,1.1,31.9,0.8,3.3,9.7,Bunnik,PV26,Utrecht,15191.0,411.0,476.0
GM0313,81.4,14.8,8.9,1.0,50.9,48.1,,,15.2,6.2,1.3,2.3,0.9,6.0,1.6,20.0,1.1,5.9,1.0,8.9,0.8,20.1,1.8,9.2,12.1,Bunschoten,PV26,Utrecht,21866.0,720.0,446.0
GM0214,78.2,11.8,6.3,0.8,44.7,54.5,40.0,45.3,18.6,5.2,1.8,2.1,1.6,2.8,4.9,12.8,1.6,3.5,1.0,8.4,1.2,6.8,1.3,7.1,29.2,Buren,PV25,Gelderland,26749.0,200.0,588.0
GM0502,75.8,13.7,10.0,2.0,44.4,53.6,42.5,50.3,16.3,5.0,0.7,20.8,0.7,28.5,2.1,40.8,1.6,15.0,0.7,62.7,0.7,70.6,2.1,3.4,9.4,Capelle aan den IJssel,PV28,Zuid-Holland,67122.0,4747.0,464.0
GM0383,83.5,10.8,6.9,2.5,56.2,41.3,57.5,62.3,10.8,8.2,0.7,7.1,0.8,8.1,2.2,19.7,1.1,12.3,0.7,18.4,0.7,35.6,1.5,2.8,11.1,Castricum,PV27,Noord-Holland,35986.0,724.0,486.0
GM0109,76.5,17.0,10.3,1.4,39.1,59.4,49.5,44.2,17.9,7.4,2.0,1.2,1.6,4.4,5.8,5.5,3.0,3.3,1.3,8.1,1.4,10.2,1.3,5.3,46.8,Coevorden,PV22,Drenthe,35297.0,119.0,550.0
GM1706,77.7,13.4,7.0,2.0,49.1,48.9,51.0,52.7,13.3,9.3,1.4,2.9,1.2,3.0,3.1,8.8,0.9,8.9,0.8,10.9,0.7,12.3,3.9,5.8,22.5,Cranendonck,PV30,Noord-Brabant,21138.0,277.0,567.0
GM1684,77.8,18.2,10.1,0.8,48.6,50.6,52.3,50.7,12.2,5.0,1.3,3.5,1.0,7.1,2.4,12.2,0.9,14.2,0.6,21.0,1.1,21.7,1.9,2.3,16.5,Cuijk,PV30,Noord-Brabant,25130.0,491.0,536.0
GM0216,77.2,12.5,7.2,1.8,50.1,48.1,52.0,50.2,13.1,4.9,0.9,5.3,0.7,7.4,1.8,11.8,1.2,8.3,0.6,21.1,0.7,20.6,1.7,1.7,22.5,Culemborg,PV25,Gelderland,28955.0,989.0,464.0
GM0148,85.9,12.2,7.0,1.6,48.5,49.9,51.5,51.2,12.5,6.5,2.1,0.9,1.6,3.0,1.9,13.9,4.4,0.9,1.8,2.5,1.1,8.1,1.2,6.5,16.0,Dalfsen,PV23,Overijssel,28587.0,173.0,569.0
GM1891,77.6,17.7,11.3,1.3,41.6,57.2,46.2,38.9,15.2,5.9,1.1,3.5,1.4,4.4,6.8,5.3,1.1,4.6,1.2,6.1,1.3,4.3,2.4,4.6,20.0,Dantumadiel,PV21,Friesland,18922.0,224.0,520.0
GM0503,79.7,10.8,7.4,1.9,58.5,39.6,54.1,58.3,15.0,6.7,0.6,24.2,0.5,30.8,1.6,57.8,0.8,50.6,0.4,128.9,0.4,177.9,1.3,1.7,9.3,Delft,PV28,Zuid-Holland,103595.0,4573.0,320.0
GM0010,77.6,16.4,12.4,0.9,40.5,58.5,40.9,36.0,19.5,4.4,1.4,2.4,1.3,5.7,4.0,3.3,1.4,9.5,1.3,10.9,1.4,16.5,1.2,3.8,30.2,Delfzijl,PV20,Groningen,24678.0,185.0,505.0
GM0762,78.5,15.6,9.2,1.3,43.9,54.8,52.0,52.8,13.5,7.3,1.3,6.9,1.1,7.0,2.9,10.7,0.9,13.7,0.7,19.4,1.2,18.7,2.0,3.2,24.2,Deurne,PV30,Noord-Brabant,32471.0,278.0,525.0
GM0150,78.1,13.5,8.2,0.9,49.9,49.2,51.4,51.1,19.5,4.8,1.0,13.1,0.8,18.0,2.3,12.6,1.8,23.7,0.6,65.0,0.7,65.3,1.6,2.2,3.6,Deventer,PV23,Overijssel,100719.0,771.0,441.0
GM0384,81.9,12.1,7.0,3.5,54.4,42.1,48.9,56.7,16.9,5.8,0.8,39.8,0.7,32.0,1.5,36.2,1.0,39.7,0.6,129.4,0.8,171.9,1.2,1.0,7.8,Diemen,PV27,Noord-Holland,30780.0,2566.0,332.0
GM1774,83.6,12.0,7.2,0.4,47.4,52.2,56.1,57.7,15.8,12.1,2.0,2.4,1.9,3.6,4.7,8.7,4.0,2.3,1.5,5.9,0.9,16.5,1.1,10.1,17.6,Dinkelland,PV23,Overijssel,26461.0,151.0,557.0
GM0221,73.9,18.0,10.5,0.9,42.3,56.8,49.7,45.6,19.2,6.1,1.0,2.5,0.6,4.0,1.3,19.7,1.1,5.7,0.5,12.0,1.2,13.1,1.0,6.1,18.9,Doesburg,PV25,Gelderland,11077.0,961.0,520.0
GM0222,80.1,13.6,8.2,2.4,45.6,52.0,54.8,52.7,14.6,6.1,1.1,9.1,0.8,12.3,2.6,15.5,1.7,19.0,0.8,38.4,0.9,36.4,1.6,1.8,25.1,Doetinchem,PV25,Gelderland,58001.0,734.0,530.0
GM0766,82.0,14.4,8.9,1.3,44.0,54.6,47.3,56.0,14.1,4.7,1.5,3.2,0.8,7.9,1.6,21.4,0.9,11.1,0.6,13.2,0.8,15.2,2.1,7.8,13.9,Dongen,PV30,Noord-Brabant,26222.0,897.0,543.0
GM0505,76.7,16.0,10.2,2.0,45.0,52.9,48.2,47.4,15.7,5.3,0.9,20.0,0.7,26.5,1.7,15.8,1.9,30.0,0.6,92.7,0.6,86.4,1.5,1.6,3.1,Dordrecht,PV28,Zuid-Holland,119284.0,1519.0,488.0
GM0498,82.0,10.4,5.8,1.2,53.7,45.1,55.7,55.9,12.5,6.2,1.6,4.3,1.6,5.6,3.5,7.4,1.5,4.0,1.5,6.2,1.1,8.6,1.6,3.4,10.7,Drechterland,PV27,Noord-Holland,19719.0,335.0,511.0
GM1719,77.9,13.5,7.3,1.0,45.4,53.6,44.8,49.1,15.2,7.9,1.2,2.3,0.7,5.2,3.7,13.4,0.6,11.0,1.1,7.5,0.7,10.0,2.0,9.3,11.1,Drimmelen,PV30,Noord-Brabant,27272.0,287.0,549.0
GM0303,82.2,13.4,7.8,1.6,48.2,50.2,50.4,46.6,14.3,5.5,1.6,2.2,1.5,4.4,4.8,3.8,3.1,2.7,1.4,8.7,1.3,10.0,1.4,5.1,31.6,Dronten,PV24,Flevoland,41555.0,125.0,515.0
GM0225,74.4,14.7,9.7,1.1,39.6,59.3,45.2,46.6,15.9,4.7,1.3,3.3,0.8,6.6,2.2,9.8,1.1,5.9,0.6,16.6,1.3,11.1,2.3,14.3,18.9,Druten,PV25,Gelderland,18926.0,503.0,534.0
GM0226,78.5,16.5,9.7,0.9,45.3,53.8,52.5,51.4,14.6,6.5,1.1,6.1,1.1,9.7,1.8,17.1,1.2,10.5,1.0,18.0,0.9,24.6,2.1,1.6,10.6,Duiven,PV25,Gelderland,25126.0,741.0,558.0
GM1711,72.7,19.5,11.9,1.4,42.1,56.5,45.7,45.1,16.0,4.9,1.2,6.0,1.0,6.1,3.8,8.1,0.7,17.7,0.8,25.4,1.2,17.3,0.9,2.4,10.9,Echt-Susteren,PV31,Limburg,31610.0,307.0,583.0
GM0385,81.3,13.9,8.0,1.6,49.1,49.2,49.6,51.5,12.4,7.9,1.2,4.0,0.9,6.2,2.9,6.3,1.3,11.6,1.0,16.9,1.1,27.9,1.4,9.5,18.5,Edam-Volendam,PV27,Noord-Holland,36197.0,666.0,416.0
GM0228,83.4,14.4,8.8,1.8,48.1,50.1,54.3,49.4,16.5,4.4,1.1,8.6,1.0,16.2,2.7,15.2,1.2,21.4,1.0,42.5,1.1,46.0,1.5,3.0,19.9,Ede,PV25,Gelderland,117165.0,368.0,488.0
GM0317,82.2,8.7,5.4,1.6,46.6,51.8,,,15.2,9.0,1.1,8.2,1.0,6.4,1.1,20.7,1.2,4.4,1.0,12.7,0.8,33.4,1.1,6.9,8.0,Eemnes,PV26,Utrecht,9247.0,298.0,554.0
GM0770,80.4,14.2,6.8,0.7,52.6,46.7,51.3,53.8,10.4,6.5,1.5,3.2,1.5,4.2,3.3,16.9,1.0,4.6,1.0,13.2,0.8,15.6,2.9,15.2,15.9,Eersel,PV30,Noord-Brabant,19313.0,234.0,578.0
GM1903,78.4,14.7,9.4,1.7,46.3,52.0,48.8,47.2,14.3,6.4,1.0,5.1,1.2,5.0,6.4,12.0,0.7,16.3,0.8,13.5,0.7,23.0,1.4,4.1,8.5,Eijsden-Margraten,PV31,Limburg,25768.0,332.0,568.0
GM0772,77.9,14.2,8.6,1.8,53.9,44.3,52.6,54.5,17.4,5.8,0.8,27.4,0.6,49.5,1.9,24.7,0.9,105.5,0.5,205.0,0.6,206.8,2.5,3.2,3.8,Eindhoven,PV30,Noord-Brabant,234394.0,2674.0,430.0
GM0230,82.0,12.3,7.7,2.0,45.9,52.2,48.3,46.6,15.5,5.1,1.1,3.7,0.9,6.2,3.3,9.7,1.1,5.6,0.8,10.0,1.1,16.9,0.8,4.6,20.6,Elburg,PV25,Gelderland,23161.0,363.0,510.0
GM0114,78.4,16.2,11.0,1.9,41.4,56.7,46.7,36.4,18.2,4.9,1.3,4.5,1.1,9.0,3.6,6.8,1.9,9.6,0.9,23.3,1.1,26.5,2.1,5.6,58.3,Emmen,PV22,Drenthe,107048.0,319.0,524.0
GM0388,77.2,14.6,8.6,1.7,48.5,49.7,49.5,47.2,16.6,6.4,0.8,5.7,0.7,8.5,1.7,5.9,1.4,16.5,0.6,23.4,0.8,31.7,1.2,2.0,19.5,Enkhuizen,PV27,Noord-Holland,18591.0,1466.0,432.0
GM0153,77.1,17.2,11.3,1.2,47.6,51.1,53.8,47.7,18.1,6.2,0.8,22.7,0.7,31.3,1.9,12.8,1.1,48.9,0.7,98.2,0.6,111.3,2.0,2.7,3.3,Enschede,PV23,Overijssel,159640.0,1134.0,422.0
GM0232,81.4,15.1,10.1,1.0,45.9,53.0,50.5,48.9,14.4,6.3,1.2,5.0,1.2,6.1,1.8,12.5,1.7,2.8,1.1,10.2,0.9,20.4,2.3,10.2,14.1,Epe,PV25,Gelderland,33178.0,213.0,547.0
GM0233,80.3,11.5,6.5,1.3,47.8,50.9,48.7,47.6,15.8,4.7,1.6,9.0,1.0,12.8,1.8,10.3,1.7,9.9,1.0,21.4,0.9,30.3,1.5,1.9,26.6,Ermelo,PV25,Gelderland,27008.0,315.0,498.0
GM0777,78.6,16.9,11.1,2.4,44.9,52.8,49.3,52.3,12.0,5.7,1.0,5.8,0.8,9.0,2.2,13.3,1.1,9.5,0.7,34.8,0.8,33.5,1.7,2.0,10.8,Etten-Leur,PV30,Noord-Brabant,43878.0,793.0,505.0
GM1940,82.4,12.4,7.9,2.5,47.8,49.6,53.8,50.9,13.9,7.6,1.9,1.8,1.4,4.4,3.7,4.3,2.1,4.4,1.4,7.2,1.1,12.0,1.8,13.9,39.4,De Fryske Marren,PV21,Friesland,51564.0,147.0,546.0
GM0779,76.4,15.7,10.3,1.7,39.7,58.6,43.8,47.7,12.7,4.4,1.5,2.2,0.9,5.5,1.6,14.9,0.7,14.4,0.5,15.7,0.8,12.4,2.0,16.0,16.8,Geertruidenberg,PV30,Noord-Brabant,21544.0,809.0,530.0
GM1771,80.0,15.2,10.4,2.0,45.9,52.1,51.8,52.1,15.4,7.6,1.0,6.6,0.8,13.3,1.4,23.3,0.7,21.7,0.6,37.3,0.8,32.4,3.1,2.2,8.7,Geldrop-Mierlo,PV30,Noord-Brabant,39726.0,1281.0,540.0
GM1652,80.3,13.7,7.6,0.9,47.2,51.9,54.3,56.9,11.8,7.7,1.5,2.7,1.1,5.2,3.6,13.4,0.9,8.0,0.9,14.6,0.9,13.2,1.4,10.7,22.5,Gemert-Bakel,PV30,Noord-Brabant,30723.0,252.0,537.0
GM0907,77.9,17.1,9.0,1.3,47.7,51.0,53.0,48.0,14.9,4.5,1.3,3.4,1.2,8.0,2.2,8.1,0.7,10.7,0.8,14.5,1.1,13.4,0.9,8.7,20.4,Gennep,PV31,Limburg,16921.0,355.0,558.0
GM0784,77.7,14.5,9.1,1.3,44.9,53.8,50.7,55.5,11.6,5.9,0.8,4.0,0.9,4.6,3.0,21.2,1.0,6.0,0.8,9.2,0.6,12.2,1.3,3.1,10.9,Gilze en Rijen,PV30,Noord-Brabant,26431.0,404.0,536.0
GM1924,80.8,13.0,8.4,0.7,44.2,55.0,42.2,41.4,13.1,5.3,1.3,2.3,1.1,3.6,5.3,2.4,1.7,3.3,1.1,7.2,1.6,8.9,1.6,37.4,41.3,Goeree-Overflakkee,PV28,Zuid-Holland,50049.0,192.0,531.0
GM0664,78.3,14.2,9.6,1.5,49.4,49.1,52.9,46.4,15.6,5.0,1.2,6.3,1.2,8.5,2.5,1.1,1.5,20.9,1.2,33.6,1.1,37.3,1.6,2.6,52.6,Goes,PV29,Zeeland,38082.0,411.0,539.0
GM0785,79.7,13.5,7.7,1.4,41.9,56.7,51.5,54.5,12.6,4.4,0.9,15.0,1.0,19.2,1.8,14.0,1.0,49.6,0.7,83.6,1.1,65.1,2.8,5.3,5.4,Goirle,PV30,Noord-Brabant,23904.0,556.0,514.0
GM1942,82.4,10.9,7.1,2.5,55.1,42.4,52.2,57.1,15.6,8.0,0.7,14.7,0.8,14.8,2.3,23.1,1.1,16.3,0.6,50.4,0.7,79.4,1.4,2.1,7.8,Gooise Meren,PV27,Noord-Holland,58055.0,1396.0,484.0
GM0512,79.0,16.8,10.9,0.9,47.9,51.2,46.0,47.1,17.2,4.0,0.8,10.9,0.6,12.6,1.9,6.1,1.1,18.9,0.5,44.8,0.7,37.5,1.5,2.0,25.9,Gorinchem,PV28,Zuid-Holland,37022.0,1966.0,453.0
GM0513,80.3,14.1,9.6,1.4,50.8,47.7,52.0,50.6,14.9,4.7,0.7,16.9,0.6,19.9,1.7,21.8,1.3,26.9,0.6,73.6,0.9,75.1,1.7,1.6,2.0,Gouda,PV28,Zuid-Holland,73427.0,4449.0,382.0
GM0786,76.8,13.9,9.4,2.0,47.5,50.5,44.7,51.3,13.6,6.7,1.6,2.1,1.1,4.0,1.7,14.7,1.3,6.2,0.9,10.2,1.2,18.7,0.7,8.3,16.2,Grave,PV30,Noord-Brabant,12436.0,457.0,542.0
GM0518,76.0,19.3,12.5,2.2,50.7,47.1,49.9,50.3,19.1,4.7,0.6,67.1,0.5,82.4,1.2,42.4,0.6,266.2,0.4,398.3,0.4,524.8,3.0,3.2,4.0,'s-Gravenhage,PV28,Zuid-Holland,545838.0,6620.0,358.0
GM0014,81.1,10.3,6.3,2.5,58.3,39.2,57.8,56.3,22.8,7.6,0.8,27.7,0.7,34.5,1.9,13.6,0.8,100.8,0.6,128.2,0.6,216.5,1.1,2.5,3.8,Groningen,PV20,Groningen,232874.0,1255.0,399.0
GM1729,76.3,14.7,8.3,1.5,48.0,50.5,39.9,45.0,14.4,6.6,1.8,4.3,1.6,3.8,3.3,15.6,0.8,16.1,0.9,13.0,0.6,33.5,1.3,7.1,12.6,Gulpen-Wittem,PV31,Limburg,14171.0,194.0,578.0
GM0158,82.7,14.9,9.9,2.2,45.2,52.6,54.8,51.8,14.6,7.1,1.5,2.8,1.2,5.5,2.1,14.3,1.5,5.4,0.8,14.6,1.0,21.2,1.9,12.5,13.7,Haaksbergen,PV23,Overijssel,24311.0,232.0,540.0
GM0788,82.1,11.5,6.7,0.9,48.3,50.8,52.0,60.1,13.0,7.8,1.6,3.8,1.1,7.1,5.0,23.9,1.0,8.9,1.0,15.3,1.1,27.8,1.9,4.9,10.7,Haaren,PV30,Noord-Brabant,14370.0,249.0,562.0
GM0392,81.6,12.6,8.0,1.9,55.5,42.6,60.2,57.5,15.2,6.4,0.6,33.5,0.5,41.2,1.3,35.8,0.6,93.4,0.4,164.4,0.4,245.5,1.2,2.3,2.7,Haarlem,PV27,Noord-Holland,162902.0,5585.0,381.0
GM0394,81.5,12.0,7.2,1.6,49.5,48.9,52.6,55.2,13.6,5.7,1.0,14.7,1.1,14.9,2.6,34.1,1.5,8.8,1.0,31.5,0.9,47.1,1.5,4.1,9.5,Haarlemmermeer,PV27,Noord-Holland,156002.0,790.0,818.0
GM1655,79.1,14.4,9.7,0.9,43.6,55.6,45.6,53.6,14.3,5.5,1.1,3.9,1.0,7.4,3.5,9.8,0.7,12.0,0.8,18.0,0.9,17.1,1.2,3.4,9.5,Halderberge,PV30,Noord-Brabant,30284.0,407.0,553.0
GM0160,83.5,14.7,7.3,1.5,43.7,54.8,48.9,44.6,16.9,8.0,1.5,2.6,1.4,4.0,4.1,6.6,1.8,3.3,1.1,9.3,1.3,11.7,1.5,6.5,29.2,Hardenberg,PV23,Overijssel,60948.0,195.0,531.0
GM0243,77.9,13.5,8.4,0.8,45.2,54.0,50.9,49.1,14.9,4.1,0.9,10.7,0.8,15.3,1.9,8.7,1.5,17.5,0.7,38.6,0.9,46.6,1.7,2.6,30.9,Harderwijk,PV25,Gelderland,48414.0,1245.0,460.0
GM0523,82.3,14.0,9.7,1.2,46.1,52.8,43.6,41.8,15.2,4.5,1.8,5.1,0.8,6.1,1.9,12.4,0.9,6.2,0.6,13.4,1.5,11.2,1.7,1.1,16.0,Hardinxveld-Giessendam,PV28,Zuid-Holland,18295.0,1082.0,468.0
GM0072,78.0,15.1,10.0,1.5,43.8,54.7,56.2,44.8,20.8,7.6,1.2,3.9,1.1,5.9,1.8,3.0,1.5,10.8,0.8,18.5,1.6,26.2,1.3,1.4,27.4,Harlingen,PV21,Friesland,15722.0,630.0,461.0
GM0244,82.2,11.2,8.0,1.5,51.0,47.5,55.8,53.1,14.3,4.5,1.1,3.3,0.9,4.2,1.3,15.1,0.9,4.9,0.7,16.1,1.0,17.2,2.5,5.6,6.4,Hattem,PV25,Gelderland,12209.0,529.0,503.0
GM0396,79.7,15.3,9.1,1.7,44.9,53.3,56.4,57.0,12.6,6.0,0.7,18.8,0.8,22.5,1.5,22.5,0.9,34.5,0.7,57.3,0.6,64.8,2.0,2.4,15.3,Heemskerk,PV27,Noord-Holland,39182.0,1433.0,479.0
GM0397,82.8,10.9,7.6,0.8,57.4,41.8,62.3,65.2,11.5,8.0,0.8,28.6,0.5,34.0,1.4,24.6,0.9,71.5,0.5,127.8,0.6,192.9,1.4,2.2,5.0,Heemstede,PV27,Noord-Holland,27234.0,2968.0,486.0
GM0246,82.1,13.0,8.3,1.1,47.5,51.4,53.1,48.7,12.9,7.7,1.3,1.5,1.2,3.9,2.6,14.7,1.3,2.8,1.1,5.8,1.0,11.1,3.6,7.8,15.2,Heerde,PV25,Gelderland,18589.0,236.0,540.0
GM0074,82.2,12.5,8.1,1.9,48.1,50.0,54.6,48.6,16.4,5.1,1.6,3.4,1.6,5.5,3.7,4.9,2.1,15.9,1.3,18.0,1.8,23.4,1.4,4.3,31.0,Heerenveen,PV21,Friesland,50493.0,266.0,516.0
GM0398,77.7,12.9,7.1,1.5,46.0,52.5,55.1,53.0,13.9,5.2,1.0,11.8,0.8,17.4,2.5,13.2,1.8,10.3,0.8,36.4,1.3,35.0,1.9,2.7,8.6,Heerhugowaard,PV27,Noord-Holland,57587.0,1507.0,479.0
GM0917,69.3,24.2,16.2,2.0,41.7,56.3,40.0,38.6,22.3,5.5,0.8,17.6,0.7,24.7,2.0,15.0,0.5,67.6,0.4,106.1,0.7,79.9,1.6,2.3,3.6,Heerlen,PV31,Limburg,87086.0,1938.0,509.0
GM1658,81.2,12.0,7.1,2.0,49.6,48.4,53.2,58.0,9.1,7.3,1.6,3.2,0.9,4.8,2.5,22.7,0.7,8.5,0.7,15.0,0.9,18.1,2.8,2.9,12.8,Heeze-Leende,PV30,Noord-Brabant,16152.0,155.0,566.0
GM0399,83.8,9.6,5.9,2.3,58.7,39.0,58.4,60.1,12.2,7.1,1.0,14.7,0.7,14.9,1.6,16.4,1.0,21.2,0.7,40.7,0.8,54.0,3.0,1.4,5.6,Heiloo,PV27,Noord-Holland,23968.0,1282.0,485.0
GM0400,76.9,17.3,10.7,0.7,40.0,59.4,48.4,42.8,18.6,6.1,1.0,7.7,0.9,11.8,2.0,4.0,1.0,22.9,0.6,30.8,0.8,24.9,1.8,2.8,37.7,Den Helder,PV27,Noord-Holland,56296.0,1244.0,451.0
GM0163,82.0,14.2,9.0,1.8,42.4,55.7,53.3,51.3,13.7,8.9,1.3,3.4,1.0,7.9,2.7,11.9,1.6,9.7,1.1,16.0,0.8,20.8,1.8,2.5,15.3,Hellendoorn,PV23,Overijssel,35916.0,260.0,550.0
GM0530,77.6,19.3,12.6,2.6,41.7,55.8,38.6,39.9,17.4,5.5,1.0,6.9,0.9,8.9,2.2,8.8,1.2,9.6,0.9,22.9,1.0,24.1,1.9,26.8,31.0,Hellevoetsluis,PV28,Zuid-Holland,40142.0,977.0,517.0
GM0794,75.3,18.1,11.8,1.1,44.1,54.8,47.5,47.3,18.4,5.7,0.7,14.7,0.7,20.7,2.5,22.2,1.1,36.7,0.6,65.3,0.7,59.8,2.4,1.8,14.4,Helmond,PV30,Noord-Brabant,92423.0,1738.0,474.0
GM0531,82.4,13.0,7.5,2.9,46.7,50.4,41.9,51.7,12.0,4.4,0.7,13.6,0.7,18.1,1.5,32.3,1.5,9.6,0.7,40.0,0.7,45.6,1.9,3.6,6.9,Hendrik-Ido-Ambacht,PV28,Zuid-Holland,31202.0,2940.0,469.0
GM0164,79.5,13.3,8.2,0.7,48.6,50.8,50.5,50.8,19.8,7.7,0.9,16.4,0.7,21.5,1.8,17.9,1.4,38.8,0.7,57.5,0.7,63.6,2.0,2.0,2.8,Hengelo,PV23,Overijssel,81140.0,1334.0,587.0
GM0796,79.4,13.3,8.0,1.7,50.9,47.5,48.0,56.0,18.4,5.9,0.9,14.4,0.7,22.1,2.7,18.2,1.1,44.6,0.6,92.9,0.7,116.8,2.0,2.7,4.6,'s-Hertogenbosch,PV30,Noord-Brabant,155111.0,1410.0,524.0
GM0252,78.7,10.4,5.2,1.2,55.4,43.4,54.7,63.4,12.4,7.5,1.3,5.4,1.2,7.8,2.1,13.6,1.1,7.7,0.8,17.2,1.2,18.9,0.5,4.1,8.8,Heumen,PV25,Gelderland,16454.0,414.0,522.0
GM0797,78.1,14.4,9.0,2.3,48.0,49.7,44.2,53.5,12.3,4.4,1.1,5.7,1.0,7.6,1.9,18.8,1.3,12.0,0.8,21.5,0.8,20.0,1.5,10.8,10.8,Heusden,PV30,Noord-Brabant,44692.0,567.0,544.0
GM0534,82.0,14.6,7.3,2.2,51.2,46.5,46.5,51.2,12.1,7.2,0.9,13.2,0.9,14.7,1.3,27.8,1.2,10.3,0.8,29.6,0.8,40.5,1.6,2.3,12.3,Hillegom,PV28,Zuid-Holland,22209.0,1725.0,520.0
GM0798,82.4,15.0,8.1,0.9,52.0,47.1,52.5,58.7,10.0,9.3,1.4,2.9,1.3,4.7,2.2,13.9,0.9,11.3,1.0,11.7,1.2,14.4,1.3,11.0,11.2,Hilvarenbeek,PV30,Noord-Brabant,15518.0,164.0,573.0
GM0402,82.1,11.9,7.7,2.4,53.2,44.4,50.1,51.9,18.9,6.0,0.7,20.7,0.6,21.9,1.4,30.2,0.8,48.3,0.5,86.8,0.5,128.7,1.7,1.6,2.2,Hilversum,PV27,Noord-Holland,90831.0,1991.0,440.0
GM1963,81.7,10.7,7.3,1.3,47.8,50.9,46.0,47.1,13.6,4.5,1.0,2.6,0.9,3.9,4.2,13.1,1.3,4.3,0.9,9.8,1.4,12.2,1.7,14.7,19.5,Hoeksche Waard,PV28,Zuid-Holland,87401.0,325.0,534.0
GM1735,82.7,14.3,9.5,1.4,44.3,54.3,53.1,50.9,15.8,10.1,1.7,2.2,1.3,3.7,2.7,14.3,1.5,4.3,1.0,7.3,1.0,9.6,1.1,3.2,14.8,Hof van Twente,PV23,Overijssel,35017.0,165.0,559.0
GM1966,78.1,12.7,9.0,1.1,46.6,52.2,48.7,41.0,17.2,7.1,1.3,2.2,1.4,3.4,7.7,5.5,2.7,2.1,1.9,3.3,1.0,8.0,0.9,3.4,20.9,Het Hogeland,PV20,Groningen,47801.0,99.0,506.0
GM1911,78.6,11.5,8.1,1.3,47.7,50.9,48.5,44.2,17.8,6.2,1.9,1.5,1.5,3.2,5.7,6.0,1.6,2.6,1.5,4.1,1.3,5.8,1.4,10.2,27.0,Hollands Kroon,PV27,Noord-Holland,48432.0,136.0,546.0
GM0118,75.6,17.9,10.8,0.8,46.0,53.2,48.8,44.6,24.5,7.6,1.4,7.5,1.0,13.0,3.5,3.5,2.1,10.1,0.9,27.8,1.1,29.9,1.9,4.2,42.6,Hoogeveen,PV22,Drenthe,55699.0,437.0,499.0
GM0405,77.7,12.6,8.0,2.2,48.1,49.7,50.5,51.5,16.9,5.6,0.8,14.0,0.7,16.5,3.0,8.9,1.1,24.5,0.8,45.2,0.9,71.5,1.8,1.9,3.1,Hoorn,PV27,Noord-Holland,73261.0,3595.0,451.0
GM1507,78.8,13.3,7.3,1.4,44.8,53.8,55.7,55.7,14.3,6.8,1.5,2.6,1.5,5.5,4.6,7.6,0.8,11.1,0.8,15.0,1.2,12.1,1.5,5.1,14.2,Horst aan de Maas,PV31,Limburg,42429.0,225.0,577.0
GM0321,79.7,10.5,5.9,1.5,54.0,44.5,,,10.4,3.7,1.5,5.2,1.5,8.8,2.8,24.7,2.0,3.0,1.5,16.2,1.4,29.7,2.2,2.2,11.1,Houten,PV26,Utrecht,50146.0,913.0,1253.0
GM0406,79.5,12.4,8.0,1.3,48.2,50.4,45.6,48.7,17.1,6.9,0.8,10.0,0.7,13.8,2.0,17.4,1.5,3.1,0.7,31.1,0.7,51.6,2.3,7.5,10.8,Huizen,PV27,Noord-Holland,41273.0,2611.0,531.0
GM0677,77.3,13.4,9.6,2.2,44.6,53.2,50.7,46.3,13.3,5.4,2.6,2.1,2.0,6.5,4.9,1.9,1.0,10.6,1.4,10.1,1.4,18.1,2.0,47.0,92.5,Hulst,PV29,Zeeland,27556.0,137.0,583.0
GM0353,77.6,12.9,8.4,1.5,45.6,52.9,,,15.9,5.6,0.7,9.6,0.7,15.6,1.4,24.7,1.1,6.8,0.7,36.2,0.9,46.7,1.6,11.1,12.5,IJsselstein,PV26,Utrecht,34109.0,1619.0,449.0
GM1884,82.8,11.0,6.6,1.0,47.2,51.9,47.9,52.8,11.8,9.2,1.2,4.8,1.3,3.7,3.4,25.5,1.6,3.7,1.2,5.3,0.6,16.1,1.4,7.8,12.7,Kaag en Braassem,PV28,Zuid-Holland,27297.0,432.0,523.0
GM0166,80.1,15.2,8.1,1.4,49.2,49.4,50.8,44.8,21.1,6.4,1.5,7.3,1.1,11.4,2.4,11.9,1.8,16.2,1.2,29.1,1.4,34.3,1.4,2.1,14.9,Kampen,PV23,Overijssel,54319.0,382.0,429.0
GM0678,78.4,14.6,9.5,1.5,45.7,52.8,53.7,48.6,11.3,3.4,0.9,2.9,0.8,3.9,7.2,1.0,0.8,2.9,0.9,6.2,1.0,4.9,0.9,2.4,46.6,Kapelle,PV29,Zeeland,12695.0,342.0,535.0
GM0537,81.7,13.0,7.9,0.8,46.6,52.6,52.8,44.2,17.0,8.5,0.7,19.7,0.6,16.5,1.6,29.3,0.9,14.1,0.5,46.2,0.5,61.7,1.3,6.6,7.0,Katwijk,PV28,Zuid-Holland,65753.0,2657.0,413.0
GM0928,69.1,24.9,17.4,2.1,36.6,61.3,36.2,35.6,24.0,4.8,0.8,11.1,0.8,14.8,2.3,10.0,0.4,54.5,0.4,60.9,0.6,41.4,1.2,1.8,7.7,Kerkrade,PV31,Limburg,45749.0,2088.0,520.0
GM1598,85.9,9.7,6.0,1.9,52.5,45.7,55.9,58.8,16.8,8.5,1.2,3.8,1.7,4.4,3.7,11.7,1.4,5.5,1.6,7.1,1.5,11.3,1.4,5.2,10.0,Koggenland,PV27,Noord-Holland,22749.0,283.0,532.0
GM0542,77.9,14.9,9.9,1.7,45.1,53.2,38.5,42.0,12.3,4.9,1.4,7.6,0.7,14.1,1.9,37.6,2.1,6.7,0.7,25.4,0.6,34.4,1.0,7.3,11.4,Krimpen aan den IJssel,PV28,Zuid-Holland,29526.0,3841.0,456.0
GM1931,83.3,11.1,7.2,2.4,47.0,50.6,47.4,48.2,12.7,5.6,1.3,2.7,1.0,5.3,5.2,19.3,1.2,6.0,1.0,9.2,1.1,12.3,1.0,10.8,12.6,Krimpenerwaard,PV28,Zuid-Holland,56319.0,380.0,489.0
GM1659,83.2,12.3,7.1,1.2,46.8,52.0,49.9,53.2,15.7,8.3,1.1,5.7,0.8,8.5,2.8,25.0,0.7,19.4,0.7,27.3,1.0,27.2,1.7,7.9,15.5,Laarbeek,PV30,Noord-Brabant,22523.0,407.0,547.0
GM1685,80.7,16.9,8.8,1.0,50.0,49.0,55.9,59.2,10.4,7.2,1.1,2.1,1.3,3.3,7.2,13.0,1.2,4.3,0.9,7.2,0.8,11.9,1.3,9.9,23.3,Landerd,PV30,Noord-Brabant,15730.0,224.0,572.0
GM0882,68.5,22.0,14.5,1.2,39.3,59.6,39.3,39.8,20.4,4.5,0.7,15.7,0.9,16.1,2.0,12.0,0.5,59.6,0.5,79.1,0.6,59.0,1.8,2.0,5.0,Landgraaf,PV31,Limburg,37445.0,1523.0,561.0
GM0415,80.1,12.2,7.0,1.4,50.9,47.6,48.5,51.1,15.3,7.8,0.8,13.8,1.0,10.4,1.1,34.6,0.8,10.8,0.8,26.6,0.8,31.5,1.8,7.9,9.0,Landsmeer,PV27,Noord-Holland,11491.0,510.0,486.0
GM0416,82.1,10.9,7.2,1.7,50.3,48.0,52.8,58.6,13.1,6.1,1.0,10.4,0.8,14.4,2.5,11.7,0.8,15.2,0.9,32.7,0.8,33.7,1.4,4.0,9.0,Langedijk,PV27,Noord-Holland,28163.0,1179.0,520.0
GM1621,85.3,8.2,5.4,0.7,55.4,43.9,51.2,56.9,11.8,6.8,0.9,13.3,1.0,11.2,2.9,51.4,2.6,3.6,0.9,23.3,1.0,33.5,1.2,6.4,10.1,Lansingerland,PV28,Zuid-Holland,62384.0,1168.0,494.0
GM0417,85.9,9.4,5.7,2.8,54.1,43.1,46.3,56.4,11.7,10.9,1.0,15.2,0.9,15.5,1.1,21.3,0.9,15.6,0.7,35.0,0.5,61.6,1.1,5.1,5.5,Laren,PV27,Noord-Holland,11280.0,909.0,588.0
GM0080,80.4,10.9,6.9,2.1,48.7,49.2,57.8,49.5,19.1,8.4,1.4,17.5,0.9,22.9,2.3,7.3,2.0,47.4,1.3,57.3,1.0,99.8,2.2,3.2,4.4,Leeuwarden,PV21,Friesland,124084.0,521.0,438.0
GM0546,82.1,10.6,6.6,3.1,57.0,39.9,56.2,58.1,17.6,7.1,0.6,40.2,0.6,35.0,1.4,38.8,0.8,87.7,0.5,137.4,0.5,232.0,2.1,1.6,2.3,Leiden,PV28,Zuid-Holland,125099.0,5710.0,314.0
GM0547,81.7,13.8,9.1,1.8,52.3,45.9,49.8,51.6,13.8,6.7,1.0,26.3,0.9,26.3,1.3,31.2,1.6,82.1,0.7,115.8,0.6,205.0,2.0,4.0,4.3,Leiderdorp,PV28,Zuid-Holland,27056.0,2337.0,476.0
GM1916,79.1,15.0,9.6,1.9,50.6,47.6,48.2,54.0,13.9,5.5,0.7,36.1,0.8,45.4,2.2,45.3,1.0,100.1,0.6,208.4,0.5,297.7,1.2,2.1,4.9,Leidschendam-Voorburg,PV28,Zuid-Holland,76534.0,2351.0,460.0
GM0995,74.6,17.4,11.5,1.2,44.2,54.6,50.7,45.0,17.0,3.5,1.2,12.4,1.1,17.0,2.7,1.8,1.9,8.0,1.1,41.3,1.1,49.3,2.7,2.7,27.8,Lelystad,PV24,Flevoland,78598.0,341.0,458.0
GM1640,78.6,14.4,7.3,1.4,47.2,51.4,50.3,47.0,16.3,6.2,1.4,4.5,1.1,5.3,5.0,7.7,0.9,12.0,0.9,15.0,0.8,16.6,1.0,10.2,11.4,Leudal,PV31,Limburg,35879.0,220.0,587.0
GM0327,82.4,10.7,6.8,1.6,53.6,44.8,,,12.0,5.6,0.8,9.8,1.0,14.3,2.1,23.1,2.0,14.2,0.8,38.4,0.8,54.3,2.2,6.1,6.5,Leusden,PV26,Utrecht,30401.0,519.0,510.0
GM1705,80.9,14.7,8.9,1.7,45.5,52.7,52.6,54.8,14.7,5.8,0.9,6.0,0.8,9.3,2.7,17.5,0.9,10.2,0.7,15.7,1.0,14.5,1.4,7.0,9.6,Lingewaard,PV25,Gelderland,46601.0,752.0,513.0
GM0553,80.6,12.3,7.7,2.2,50.2,47.6,46.6,51.2,15.5,8.5,0.8,9.2,0.8,12.5,1.3,30.3,1.1,10.4,0.8,28.1,0.7,45.2,1.0,6.0,13.7,Lisse,PV28,Zuid-Holland,22955.0,1463.0,511.0
GM0262,80.7,13.8,7.8,1.5,49.3,49.2,52.1,50.5,12.8,6.3,1.6,3.5,1.3,4.7,4.2,12.5,3.7,4.5,1.5,12.5,1.3,20.5,1.1,4.7,12.2,Lochem,PV25,Gelderland,33729.0,158.0,567.0
GM0809,76.7,17.8,11.7,1.6,46.7,51.7,46.5,49.9,14.7,8.3,0.8,6.8,1.0,8.3,2.5,18.4,1.1,10.5,0.6,22.2,0.7,26.9,1.9,11.6,12.1,Loon op Zand,PV30,Noord-Brabant,23408.0,469.0,546.0
GM0331,81.6,12.6,7.6,0.9,52.3,46.7,,,13.3,4.7,1.6,2.1,2.0,2.1,6.6,11.8,1.2,3.1,1.9,7.2,2.2,6.5,1.6,15.1,19.0,Lopik,PV26,Utrecht,14467.0,191.0,522.0
GM0024,74.4,14.7,9.1,1.4,42.8,55.8,43.9,43.1,17.3,8.4,2.4,1.5,2.5,0.9,8.2,6.6,2.7,1.5,3.9,1.3,1.7,4.6,1.3,3.3,21.3,Loppersum,PV20,Groningen,9537.0,86.0,541.0
GM0168,79.8,17.7,10.1,0.7,40.9,58.5,52.3,48.9,14.3,9.3,1.2,3.7,1.1,5.0,2.5,10.2,1.7,7.2,0.9,9.6,0.8,13.2,1.1,6.2,11.4,Losser,PV23,Overijssel,22683.0,230.0,534.0
GM0263,76.8,14.7,8.2,1.3,43.0,55.7,41.1,42.9,20.5,4.5,1.2,3.7,1.4,4.0,5.0,13.8,1.3,5.9,0.8,8.9,1.1,8.4,1.1,7.7,12.8,Maasdriel,PV25,Gelderland,25030.0,379.0,562.0
GM1641,77.2,16.3,10.8,1.4,45.2,53.4,49.8,43.7,16.5,5.7,1.1,4.4,1.5,4.3,3.9,6.4,0.6,17.2,0.5,17.3,0.7,16.4,1.8,7.8,10.5,Maasgouw,PV31,Limburg,23965.0,524.0,589.0
GM0556,75.8,17.3,10.5,2.2,43.8,54.0,40.4,45.8,16.3,5.7,1.4,5.6,0.7,13.1,1.7,40.9,0.7,17.1,0.7,23.2,0.6,34.5,1.7,12.8,17.2,Maassluis,PV28,Zuid-Holland,33213.0,3918.0,455.0
GM0935,75.6,17.5,11.4,2.5,51.8,45.7,51.1,50.4,20.9,7.6,0.6,20.7,0.6,26.6,1.6,12.3,0.6,100.3,0.5,117.4,0.6,236.1,2.4,2.5,2.9,Maastricht,PV31,Limburg,121575.0,2172.0,373.0
GM0420,81.8,13.3,7.6,1.2,48.0,50.7,53.1,51.3,15.1,9.4,1.3,2.8,1.1,4.5,4.1,8.1,1.9,4.1,1.2,6.5,0.9,13.9,2.4,8.7,13.7,Medemblik,PV27,Noord-Holland,45101.0,371.0,520.0
GM0938,76.2,15.6,9.9,1.7,45.9,52.4,46.0,49.0,15.4,5.1,0.8,7.0,1.0,8.0,2.3,18.5,0.5,24.7,0.5,24.1,0.6,30.2,1.6,1.7,7.8,Meerssen,PV31,Limburg,18828.0,698.0,557.0
GM1948,78.4,15.1,9.5,1.6,46.9,51.5,51.4,56.9,13.9,6.7,1.3,5.0,1.2,7.3,2.2,20.5,0.9,11.0,0.8,21.8,1.0,22.5,1.8,13.6,18.0,Meierijstad,PV30,Noord-Brabant,81194.0,441.0,556.0
GM0119,81.1,14.9,8.3,0.5,48.0,51.4,51.4,46.3,20.8,8.6,1.1,4.4,0.9,7.3,2.5,5.0,2.2,14.1,0.9,16.2,1.6,27.7,1.6,2.9,26.5,Meppel,PV22,Drenthe,33920.0,611.0,490.0
GM0687,78.7,13.3,7.1,1.4,52.6,46.0,52.5,47.2,14.8,5.8,0.9,8.8,0.8,11.8,2.2,2.1,1.3,22.3,0.7,46.3,0.8,44.1,1.2,1.7,71.1,Middelburg,PV29,Zeeland,48822.0,1008.0,466.0
GM1842,85.5,10.1,5.0,1.9,55.5,42.6,54.4,57.2,10.0,6.0,0.8,15.0,0.8,19.8,3.6,51.6,0.7,27.7,0.7,65.4,0.6,92.6,1.0,6.4,12.4,Midden-Delfland,PV28,Zuid-Holland,19341.0,410.0,477.0
GM1731,80.0,13.5,9.3,1.2,47.5,51.3,50.3,49.0,15.0,9.0,2.5,1.8,1.7,2.9,5.6,4.4,3.6,0.7,1.9,3.7,1.3,7.2,1.5,6.6,41.5,Midden-Drenthe,PV22,Drenthe,33185.0,97.0,557.0
GM1952,73.3,16.1,11.7,1.9,37.2,60.9,46.2,40.3,18.4,4.8,1.4,5.6,1.2,7.4,3.5,10.5,1.6,7.9,1.2,13.0,1.1,16.1,1.7,3.4,17.9,Midden-Groningen,PV20,Groningen,60797.0,217.0,527.0
GM0815,79.4,15.2,7.7,1.9,46.5,51.7,53.0,52.3,10.2,5.6,2.0,3.5,2.2,3.3,2.4,13.7,0.7,8.4,1.6,5.3,1.4,7.8,2.1,10.8,23.2,Mill en Sint Hubert,PV30,Noord-Brabant,10939.0,209.0,603.0
GM1709,78.0,15.7,10.0,2.2,42.0,55.9,43.4,46.0,16.2,7.2,1.2,2.1,1.5,2.2,5.3,9.0,1.6,5.4,1.0,5.5,1.0,9.6,1.7,5.7,16.2,Moerdijk,PV30,Noord-Brabant,37129.0,233.0,575.0
GM1978,83.7,11.3,7.1,1.5,48.5,50.0,47.7,44.8,13.9,7.3,1.2,3.2,1.4,4.0,6.5,15.0,2.1,4.6,1.1,9.8,1.1,9.3,2.1,8.6,18.9,Molenlanden,PV28,Zuid-Holland,43909.0,242.0,520.0
GM1955,76.2,16.9,11.5,0.7,42.2,57.1,49.1,49.5,14.4,5.0,1.1,3.2,1.0,5.2,2.1,13.2,0.9,8.7,0.9,9.6,0.9,16.2,1.1,5.0,24.5,Montferland,PV25,Gelderland,36011.0,341.0,551.0
GM0335,83.9,9.6,5.1,1.7,50.3,48.0,,,12.7,6.8,1.0,4.6,0.8,4.2,2.0,22.7,1.8,5.3,0.9,12.9,0.8,20.3,0.6,7.2,15.8,Montfoort,PV26,Utrecht,13917.0,370.0,497.0
GM0944,82.7,14.0,7.2,1.6,55.1,43.3,56.4,55.0,11.4,6.8,1.0,5.3,1.0,10.6,3.2,13.3,1.1,11.4,0.7,22.5,0.6,34.4,0.7,1.8,11.1,Mook en Middelaar,PV31,Limburg,7847.0,451.0,575.0
GM1740,78.3,15.1,8.8,1.1,40.8,58.0,40.5,37.2,16.6,3.8,1.1,3.3,1.1,4.8,5.8,14.7,2.6,2.3,0.9,9.1,1.3,10.8,1.7,2.5,24.9,Neder-Betuwe,PV25,Gelderland,24339.0,406.0,495.0
GM0946,79.8,14.5,8.3,2.0,48.5,49.4,50.0,48.2,11.9,4.9,2.1,4.0,1.4,5.4,2.3,7.6,0.8,12.0,1.0,14.3,1.3,10.9,1.3,7.7,22.1,Nederweert,PV31,Limburg,17019.0,170.0,593.0
GM0356,75.9,14.7,8.7,1.4,45.2,53.3,,,14.2,4.9,0.8,12.5,0.7,20.8,2.3,26.4,1.7,9.0,0.6,49.4,0.7,64.6,1.7,7.3,8.8,Nieuwegein,PV26,Utrecht,63462.0,2700.0,499.0
GM0569,83.4,10.9,6.0,1.7,50.9,47.4,44.6,53.9,12.7,6.6,1.1,4.5,0.9,3.6,2.9,17.1,0.9,6.0,1.1,4.9,1.2,9.3,1.0,11.0,18.5,Nieuwkoop,PV28,Zuid-Holland,28811.0,369.0,534.0
GM0267,81.4,12.8,5.8,1.3,50.0,48.8,54.1,53.9,15.7,7.9,1.1,5.5,0.9,8.8,1.7,20.2,1.7,4.4,0.9,17.1,1.1,25.6,1.3,2.0,11.5,Nijkerk,PV25,Gelderland,43171.0,623.0,504.0
GM0268,76.0,11.3,7.1,2.5,56.0,41.5,54.9,58.8,19.3,7.7,0.8,18.6,0.7,28.2,2.7,17.0,0.9,86.7,0.5,117.3,0.6,138.4,2.0,1.7,3.5,Nijmegen,PV25,Gelderland,177659.0,3346.0,382.0
GM1930,74.4,17.8,12.3,1.7,37.7,60.6,41.1,42.0,17.5,5.3,0.8,14.3,0.8,15.0,3.0,20.9,1.2,20.9,0.7,41.5,0.7,39.8,2.9,15.7,19.9,Nissewaard,PV28,Zuid-Holland,85219.0,1158.0,479.0
GM1970,80.5,11.8,7.9,0.9,46.0,53.1,47.7,39.1,18.6,6.4,1.9,2.1,1.5,4.2,5.2,3.6,1.8,3.3,2.3,6.0,1.5,7.3,1.5,11.5,25.5,Noardeast-Fryslân,PV21,Friesland,45228.0,120.0,518.0
GM1695,74.6,13.5,9.4,2.2,41.3,56.5,44.6,38.1,14.8,6.2,1.9,1.0,1.1,2.8,14.6,1.7,4.3,0.7,0.9,3.2,1.3,9.2,2.4,14.9,65.9,Noord-Beveland,PV29,Zeeland,7392.0,86.0,594.0
GM1699,81.8,15.0,8.9,0.9,47.6,51.5,53.3,50.1,12.1,7.6,1.6,5.2,1.5,6.0,4.0,11.4,1.6,6.5,1.4,10.1,1.1,20.1,1.3,14.5,16.4,Noordenveld,PV22,Drenthe,31253.0,157.0,555.0
GM0171,82.9,13.9,7.4,1.5,49.6,48.9,48.4,49.0,18.9,3.6,2.2,4.7,1.4,6.1,5.1,3.0,3.0,0.9,2.1,8.2,1.5,9.3,1.0,22.8,37.2,Noordoostpolder,PV24,Flevoland,47291.0,103.0,512.0
GM0575,85.8,11.9,8.1,1.4,47.8,50.9,52.7,56.4,15.3,8.6,0.8,7.8,0.7,10.4,1.5,22.4,0.9,8.0,0.6,33.5,0.5,51.8,1.5,5.3,11.6,Noordwijk,PV28,Zuid-Holland,43508.0,745.0,499.0
GM0820,81.7,9.4,6.4,2.0,50.4,47.6,51.4,61.3,10.6,5.9,1.0,8.3,1.2,10.8,1.7,25.7,1.1,8.7,0.8,20.6,0.9,34.4,1.9,5.7,6.9,"Nuenen, Gerwen en Nederwetten",PV30,Noord-Brabant,23383.0,694.0,556.0
GM0302,81.4,13.9,7.8,1.6,45.3,53.1,48.5,41.8,17.6,6.1,1.3,3.9,1.1,6.2,3.3,8.8,1.5,3.1,1.1,12.1,1.0,21.6,2.0,3.4,25.8,Nunspeet,PV25,Gelderland,27851.0,216.0,498.0
GM0579,83.3,8.6,6.2,2.1,58.7,39.2,54.2,59.0,10.7,6.1,0.8,27.1,0.6,24.8,1.3,32.7,1.6,66.7,0.7,104.6,1.0,180.5,1.4,3.5,3.5,Oegstgeest,PV28,Zuid-Holland,24840.0,3399.0,428.0
GM0823,79.8,12.2,6.2,2.5,46.2,51.2,50.0,59.3,11.9,9.7,1.4,3.0,1.6,2.7,3.2,22.9,0.9,10.8,1.0,6.8,1.0,15.1,2.0,8.1,16.5,Oirschot,PV30,Noord-Brabant,18714.0,184.0,573.0
GM0824,79.6,11.0,6.9,1.5,49.6,48.9,51.1,57.2,12.4,7.8,1.4,7.1,0.8,9.1,2.2,21.0,0.8,17.5,0.7,19.5,0.7,42.8,2.3,2.3,8.5,Oisterwijk,PV30,Noord-Brabant,26245.0,411.0,534.0
GM1895,69.5,20.8,13.7,0.9,39.6,59.5,39.5,36.8,17.7,6.3,1.9,3.4,1.2,5.4,4.5,3.9,1.7,12.0,1.0,17.4,1.2,16.0,1.6,3.2,36.2,Oldambt,PV20,Groningen,38209.0,169.0,527.0
GM0269,79.9,15.0,9.1,1.6,44.7,53.6,46.4,41.8,14.6,5.3,1.5,2.8,1.4,5.3,3.0,14.5,1.2,5.0,1.2,9.5,1.5,6.5,1.4,3.6,11.9,Oldebroek,PV25,Gelderland,23646.0,242.0,495.0
GM0173,81.7,15.0,8.8,1.1,45.9,53.0,53.1,52.2,15.0,6.2,0.9,8.2,0.8,9.2,1.7,13.5,1.0,22.0,0.9,23.9,0.8,31.2,0.9,2.2,11.4,Oldenzaal,PV23,Overijssel,31836.0,1477.0,506.0
GM1773,80.8,14.8,8.5,2.6,44.4,53.0,51.2,44.4,17.2,7.7,1.7,1.5,1.9,1.9,4.8,13.3,2.2,1.0,4.1,1.9,1.1,10.0,1.1,2.3,12.9,Olst-Wijhe,PV23,Overijssel,18252.0,160.0,532.0
GM0175,83.7,13.1,6.2,1.0,47.9,51.2,51.8,48.2,14.0,7.2,2.3,2.4,1.7,3.3,2.8,9.8,2.0,2.6,2.0,6.3,1.5,14.1,1.7,3.9,24.5,Ommen,PV23,Overijssel,18009.0,100.0,540.0
GM1586,83.6,15.7,8.7,0.9,45.0,54.1,59.6,57.5,15.0,10.1,1.5,3.1,1.4,4.5,2.1,10.8,1.0,12.1,1.5,6.5,1.1,10.7,1.0,4.6,33.4,Oost Gelre,PV25,Gelderland,29627.0,270.0,540.0
GM0826,79.0,15.0,9.0,2.2,44.3,53.6,47.8,53.1,14.2,5.2,1.0,8.9,0.8,12.3,2.3,17.1,1.2,21.1,0.8,40.6,0.8,47.4,1.9,9.0,9.5,Oosterhout,PV30,Noord-Brabant,55982.0,783.0,547.0
GM0085,80.1,13.7,9.5,1.9,44.0,54.1,51.5,43.2,13.8,6.6,1.4,1.9,1.6,2.2,5.4,3.5,4.1,0.7,1.6,4.9,1.2,7.7,1.5,21.9,36.4,Ooststellingwerf,PV21,Friesland,25469.0,114.0,553.0
GM0431,81.4,13.0,7.4,0.5,45.9,53.5,49.2,54.9,13.1,6.6,1.0,13.2,0.8,17.3,0.9,36.6,0.8,28.9,0.7,50.3,0.7,52.8,1.4,5.8,8.1,Oostzaan,PV27,Noord-Holland,9735.0,845.0,510.0
GM0432,81.4,11.7,6.9,1.8,53.4,44.9,49.5,52.8,15.8,9.9,1.2,3.3,1.1,5.0,1.9,12.2,1.0,5.6,1.9,1.6,0.9,7.3,1.2,5.4,12.9,Opmeer,PV27,Noord-Holland,11836.0,285.0,545.0
GM0086,82.5,11.2,7.0,1.7,46.5,51.8,53.2,46.7,15.4,6.1,1.4,1.8,1.7,2.9,5.7,5.4,1.6,2.9,2.2,3.3,1.6,4.9,1.9,16.7,33.2,Opsterland,PV21,Friesland,29733.0,132.0,548.0
GM0828,77.1,18.0,11.5,1.0,45.3,53.7,45.4,51.7,19.1,6.8,1.2,9.0,1.0,16.3,3.6,13.3,1.1,23.7,0.8,35.9,0.8,51.5,2.1,2.8,20.2,Oss,PV30,Noord-Brabant,91915.0,563.0,518.0
GM1509,80.1,16.7,11.1,0.7,42.1,57.2,48.3,44.7,15.6,6.5,1.3,4.8,1.3,5.7,2.7,10.3,0.9,10.3,1.0,13.8,1.0,10.8,1.2,4.3,34.3,Oude IJsselstreek,PV25,Gelderland,39388.0,289.0,539.0
GM0437,82.9,12.6,8.1,1.4,58.0,40.6,54.5,61.1,13.5,7.1,1.0,23.5,0.7,21.9,4.0,36.5,0.8,22.8,0.6,95.9,0.6,132.7,1.3,3.7,7.5,Ouder-Amstel,PV27,Noord-Holland,14026.0,583.0,496.0
GM0589,80.1,11.5,7.8,0.9,51.6,47.5,,,11.9,6.3,1.2,1.2,1.1,2.1,1.4,13.3,0.9,9.2,1.1,4.2,1.1,6.9,1.3,9.6,13.4,Oudewater,PV26,Utrecht,10230.0,263.0,499.0
GM1734,80.9,13.8,8.2,1.9,47.6,50.5,54.3,52.9,17.4,6.1,1.0,6.0,0.9,5.7,2.7,20.1,1.3,4.8,0.7,11.9,0.9,14.8,1.2,2.8,11.9,Overbetuwe,PV25,Gelderland,47906.0,439.0,553.0
GM0590,80.8,14.2,8.4,1.6,44.8,53.6,43.0,45.6,10.6,4.1,0.9,7.3,0.8,10.3,2.0,22.0,1.7,6.4,0.8,21.2,1.0,27.0,1.6,4.0,6.9,Papendrecht,PV28,Zuid-Holland,32136.0,3414.0,490.0
GM1894,80.1,13.3,7.9,1.9,48.4,49.7,54.9,52.0,15.4,7.5,1.5,2.6,1.2,5.3,4.2,9.2,0.7,10.2,0.8,10.8,0.9,15.3,0.9,9.3,14.7,Peel en Maas,PV31,Limburg,43425.0,272.0,556.0
GM0765,70.3,20.8,16.6,0.9,35.7,63.4,43.0,32.8,20.9,3.6,1.2,3.0,1.2,3.5,2.6,4.6,2.0,5.5,0.9,9.5,1.1,7.8,1.3,6.1,36.3,Pekela,PV20,Groningen,12196.0,249.0,560.0
GM1926,83.2,11.4,7.1,1.7,51.4,46.9,50.4,57.3,12.1,4.5,0.8,14.1,1.0,14.4,1.8,58.2,1.4,15.9,0.9,44.9,0.9,58.5,1.8,4.4,9.9,Pijnacker-Nootdorp,PV28,Zuid-Holland,55308.0,1491.0,446.0
GM0439,78.7,13.2,8.1,1.0,43.9,55.1,41.9,43.4,19.1,4.8,0.8,16.7,0.9,19.0,3.0,23.6,1.3,25.5,0.7,50.9,1.1,58.0,1.7,1.9,17.7,Purmerend,PV27,Noord-Holland,81249.0,3509.0,472.0
GM0273,80.8,13.8,10.0,1.3,42.9,55.7,47.6,48.2,17.6,6.4,1.6,3.1,1.3,9.6,1.7,12.0,1.3,7.3,1.3,13.8,1.0,24.0,0.8,3.0,22.4,Putten,PV25,Gelderland,24112.0,283.0,512.0
GM0177,82.8,11.5,7.3,0.8,47.8,51.4,53.6,53.1,13.2,7.7,1.5,2.2,1.6,3.7,3.9,12.1,2.3,2.0,1.4,6.4,1.0,12.9,1.3,3.2,17.2,Raalte,PV23,Overijssel,37712.0,221.0,538.0
GM0703,77.3,13.9,8.6,0.7,45.9,53.4,49.2,35.7,17.6,5.9,1.2,1.0,0.8,1.7,14.2,1.3,3.4,1.0,0.8,1.9,1.4,6.3,1.1,3.1,37.4,Reimerswaal,PV29,Zeeland,22730.0,223.0,497.0
GM0274,81.1,14.0,8.0,1.6,53.4,44.9,56.9,54.1,11.5,5.6,1.0,5.1,1.0,9.2,2.0,19.2,2.4,15.8,0.7,30.5,0.5,46.0,1.2,3.8,8.2,Renkum,PV25,Gelderland,31419.0,684.0,523.0
GM0339,84.3,11.6,6.0,1.9,51.5,46.6,,,16.7,6.1,1.1,4.2,1.1,3.7,4.2,19.7,1.0,4.6,1.0,11.2,1.0,10.6,0.7,4.6,18.0,Renswoude,PV26,Utrecht,5444.0,296.0,534.0
GM1667,83.0,12.2,5.8,0.4,44.1,55.5,49.2,60.2,11.7,6.8,1.4,4.9,2.1,3.8,2.3,5.6,0.8,12.6,0.7,15.3,0.8,14.9,1.2,23.4,23.4,Reusel-De Mierden,PV30,Noord-Brabant,13112.0,168.0,563.0
GM0275,78.3,17.2,10.6,1.2,47.4,51.4,54.0,50.2,18.0,6.0,1.2,5.6,0.8,14.8,1.8,18.5,1.0,24.0,0.6,41.1,0.6,47.8,0.8,1.3,10.0,Rheden,PV25,Gelderland,43761.0,535.0,497.0
GM0340,80.0,13.2,7.9,2.0,49.3,48.7,,,13.4,5.1,1.2,3.0,0.9,4.9,2.5,17.5,1.0,5.7,0.7,14.6,0.9,16.6,0.6,2.7,24.6,Rhenen,PV26,Utrecht,20119.0,478.0,503.0
GM0597,78.4,13.7,8.7,1.0,41.0,58.0,37.8,40.9,13.9,5.9,0.9,15.1,0.7,14.0,2.0,40.8,1.3,6.9,0.6,35.4,0.6,39.8,2.1,5.4,11.5,Ridderkerk,PV28,Zuid-Holland,46189.0,1948.0,497.0
GM1742,84.4,13.5,8.4,1.3,46.6,52.2,48.8,46.4,15.6,9.6,1.3,4.0,0.9,7.5,1.5,10.8,1.0,8.5,1.0,11.3,0.8,23.6,1.2,1.6,14.9,Rijssen-Holten,PV23,Overijssel,38177.0,406.0,512.0
GM0603,76.4,17.1,12.0,2.1,50.4,47.5,44.5,47.2,13.7,4.2,0.7,52.5,0.7,68.9,1.3,50.7,0.9,196.5,0.6,291.9,0.5,352.3,1.6,1.9,4.6,Rijswijk,PV28,Zuid-Holland,54450.0,3901.0,550.0
GM1669,76.3,15.4,10.6,0.8,44.3,54.9,48.9,44.2,16.9,7.2,0.9,3.9,0.8,6.0,7.5,4.7,0.6,16.9,0.6,17.1,1.0,11.8,1.5,7.7,8.1,Roerdalen,PV31,Limburg,20574.0,233.0,587.0
GM0957,73.9,17.0,10.9,1.6,46.0,52.4,50.8,47.1,21.3,6.4,0.9,7.5,0.8,15.3,2.7,6.0,0.6,43.3,0.5,74.2,0.8,64.7,1.7,2.0,2.7,Roermond,PV31,Limburg,58260.0,958.0,498.0
GM0736,85.0,12.8,6.9,1.1,52.3,46.6,,,12.2,7.7,1.1,5.8,1.0,6.6,2.5,26.6,2.2,4.6,0.9,15.0,0.8,23.9,1.5,9.1,17.2,De Ronde Venen,PV26,Utrecht,44456.0,445.0,534.0
GM1674,76.5,17.0,10.4,2.3,41.6,56.1,49.8,46.9,14.8,5.2,0.8,14.2,0.9,13.7,2.8,8.2,1.3,38.0,0.6,59.9,1.0,51.3,1.6,3.1,3.2,Roosendaal,PV30,Noord-Brabant,77251.0,725.0,506.0
GM0599,75.2,18.4,12.2,1.9,48.5,49.6,45.5,49.8,20.7,5.6,0.6,44.9,0.5,65.3,1.5,44.4,0.7,210.6,0.4,335.7,0.4,339.4,2.0,3.3,6.0,Rotterdam,PV28,Zuid-Holland,651157.0,2993.0,358.0
GM0277,85.8,10.9,6.3,0.2,57.5,42.3,52.8,62.7,10.0,10.3,1.2,9.3,1.3,26.2,1.6,18.0,1.2,53.5,1.1,78.3,0.9,88.0,0.4,2.2,6.0,Rozendaal,PV25,Gelderland,1704.0,61.0,580.0
GM0840,72.0,20.1,13.7,0.8,43.7,55.5,41.7,42.2,16.3,6.3,1.3,4.8,0.8,7.9,6.0,10.9,0.6,10.7,0.9,16.7,0.9,18.8,1.9,6.5,9.6,Rucphen,PV30,Noord-Brabant,22878.0,355.0,579.0
GM0441,80.6,12.2,6.9,2.0,49.4,48.6,55.5,55.0,14.4,8.3,1.1,3.9,1.2,4.9,5.0,8.9,1.4,7.3,1.2,11.8,1.1,17.6,1.3,5.6,18.6,Schagen,PV27,Noord-Holland,46483.0,276.0,531.0
GM0279,84.3,12.2,9.1,1.5,45.0,53.6,55.8,45.5,18.0,6.5,0.9,4.2,0.8,4.0,0.9,23.3,0.8,3.6,0.5,10.1,0.6,10.8,0.8,8.3,14.3,Scherpenzeel,PV25,Gelderland,9880.0,717.0,506.0
GM0606,75.9,18.2,11.7,1.1,42.7,56.2,43.2,47.4,21.0,5.4,0.8,27.4,0.5,46.0,2.2,52.9,0.6,115.6,0.4,157.2,0.5,149.0,1.5,2.6,6.8,Schiedam,PV28,Zuid-Holland,78730.0,4417.0,386.0
GM0088,,,,,,,,,,,0.4,1.0,0.5,1.0,33.3,0.0,23.9,0.0,0.3,5.0,0.4,8.0,15.5,39.0,57.0,Schiermonnikoog,PV21,Friesland,947.0,23.0,375.0
GM1676,78.5,15.4,9.9,1.2,46.7,52.1,50.9,44.6,16.5,6.4,1.6,1.3,1.3,3.3,7.8,1.2,1.6,3.4,1.3,7.5,1.0,17.1,1.1,27.3,52.0,Schouwen-Duiveland,PV29,Zeeland,33839.0,147.0,559.0
GM0965,74.7,18.3,12.9,0.9,44.9,54.2,39.9,43.8,17.3,3.7,0.9,3.1,0.8,6.9,8.1,10.6,0.6,15.2,0.7,14.6,0.5,23.0,1.5,8.0,9.5,Simpelveld,PV31,Limburg,10555.0,658.0,575.0
GM1702,81.6,13.2,7.2,2.0,49.5,48.5,53.4,59.4,9.5,6.6,1.6,3.0,1.6,3.4,6.8,10.3,1.2,3.8,1.4,6.9,1.2,6.2,1.7,8.1,29.0,Sint Anthonis,PV30,Noord-Brabant,11664.0,117.0,564.0
GM0845,80.6,13.6,8.0,1.5,51.4,47.1,50.5,56.2,15.0,6.4,1.4,3.8,1.2,5.4,1.9,17.7,0.7,10.3,0.7,13.5,0.9,13.9,1.7,6.1,8.6,Sint-Michielsgestel,PV30,Noord-Brabant,29208.0,500.0,543.0
GM1883,71.1,18.9,12.4,1.9,42.8,55.3,45.9,46.0,18.3,5.3,0.8,13.5,0.8,14.9,1.9,15.4,0.6,41.4,0.5,65.0,0.9,61.4,1.8,2.5,3.8,Sittard-Geleen,PV31,Limburg,92429.0,1170.0,560.0
GM0610,76.0,15.4,10.7,1.0,43.2,55.8,42.7,39.6,16.4,4.0,0.9,6.2,0.7,8.8,1.7,12.7,0.9,7.6,0.6,20.3,0.7,17.6,1.7,1.7,10.7,Sliedrecht,PV28,Zuid-Holland,25220.0,1965.0,468.0
GM1714,73.2,19.6,12.2,2.1,43.2,54.7,49.3,39.6,17.9,6.9,2.3,0.8,1.6,2.3,6.6,2.2,1.5,2.3,1.2,6.2,0.8,16.5,1.4,48.9,94.4,Sluis,PV29,Zeeland,23210.0,83.0,578.0
GM0090,79.5,15.7,10.4,1.2,47.2,51.6,51.0,45.5,18.0,6.8,1.1,13.1,1.3,12.6,2.9,5.1,1.9,12.2,1.3,31.4,1.1,35.9,2.3,18.2,26.3,Smallingerland,PV21,Friesland,56150.0,479.0,587.0
GM0342,81.9,12.4,6.8,1.7,52.1,46.2,,,13.4,6.9,0.8,9.7,0.7,11.9,2.1,32.0,1.0,11.8,0.6,28.2,0.5,45.6,1.6,2.1,7.5,Soest,PV26,Utrecht,46606.0,1008.0,512.0
GM0847,81.5,13.2,8.1,1.8,50.3,47.9,48.1,48.3,12.0,7.0,1.5,4.9,1.1,8.2,2.3,14.2,0.9,11.8,1.0,15.9,0.8,18.1,2.0,10.4,22.0,Someren,PV30,Noord-Brabant,19368.0,241.0,547.0
GM0848,81.8,13.5,7.8,1.3,49.1,49.6,53.5,59.9,11.3,4.9,1.3,3.8,0.8,6.6,1.8,26.1,1.7,3.8,0.8,15.7,1.2,20.8,2.5,8.5,9.6,Son en Breugel,PV30,Noord-Brabant,17322.0,667.0,573.0
GM0037,73.9,18.1,12.8,1.3,36.5,62.2,39.7,32.9,15.1,6.4,1.6,3.1,1.2,6.2,4.2,6.0,2.0,5.3,0.9,16.5,1.2,14.5,1.3,17.1,41.7,Stadskanaal,PV20,Groningen,31686.0,269.0,534.0
GM0180,85.8,8.8,4.2,2.0,50.6,47.4,48.0,43.7,15.4,7.1,1.9,1.7,2.2,3.6,2.8,10.6,2.0,3.0,1.4,4.7,1.5,7.2,1.9,8.0,19.6,Staphorst,PV23,Overijssel,17145.0,128.0,526.0
GM0532,81.8,14.4,10.3,2.1,49.4,48.5,54.5,50.9,13.8,5.7,1.0,8.0,0.7,11.0,1.5,6.0,1.2,11.5,0.7,19.8,0.9,25.6,1.0,1.4,15.2,Stede Broec,PV27,Noord-Holland,21726.0,1498.0,452.0
GM0851,80.5,15.9,9.8,1.5,40.5,58.1,41.5,44.4,13.8,5.9,1.0,1.9,1.0,3.5,3.9,5.6,0.9,7.3,0.9,7.7,0.9,9.3,2.6,12.9,15.5,Steenbergen,PV30,Noord-Brabant,24416.0,167.0,543.0
GM1708,81.4,13.9,9.2,0.9,44.1,55.0,50.4,45.3,16.6,7.8,1.9,2.1,1.5,4.5,5.5,3.6,2.5,6.6,1.5,12.2,1.1,14.2,1.3,7.4,35.8,Steenwijkerland,PV23,Overijssel,44126.0,153.0,524.0
GM0971,72.7,19.3,13.0,1.6,39.2,59.2,46.5,47.0,17.9,5.3,0.8,8.8,0.9,10.2,2.0,17.4,0.5,29.6,0.5,33.0,1.2,27.1,1.3,3.4,9.2,Stein,PV31,Limburg,25007.0,1186.0,589.0
GM1904,79.9,12.5,6.7,1.6,51.2,47.2,,,13.6,7.1,1.1,8.8,1.0,9.5,2.4,28.0,2.0,7.6,1.1,23.5,1.0,38.4,1.7,3.2,10.8,Stichtse Vecht,PV26,Utrecht,64931.0,676.0,498.0
GM1900,80.5,12.8,7.9,1.5,51.5,47.0,55.7,47.3,19.8,8.0,1.9,3.7,1.4,6.6,5.2,3.9,1.8,10.5,1.6,13.4,1.4,20.8,2.1,5.1,28.6,Súdwest-Fryslân,PV21,Friesland,89987.0,172.0,492.0
GM0715,74.7,17.4,11.1,1.7,44.7,53.6,45.0,41.4,17.2,6.5,1.4,2.5,1.1,4.8,6.8,2.8,1.5,10.7,1.0,11.3,1.3,18.4,2.0,33.1,78.6,Terneuzen,PV29,Zeeland,54426.0,217.0,553.0
GM0093,82.3,11.2,5.3,2.0,44.9,53.1,72.2,47.2,17.5,15.3,1.4,1.1,0.8,2.0,4.0,1.0,0.9,7.6,0.6,8.0,0.4,18.7,37.6,36.2,63.6,Terschelling,PV21,Friesland,4888.0,57.0,483.0
GM0448,78.5,11.7,7.5,2.0,48.1,50.0,60.1,49.2,14.1,7.3,2.8,2.0,1.0,4.5,3.8,1.9,2.1,3.5,1.0,6.8,0.8,19.1,3.4,15.9,55.7,Texel,PV27,Noord-Holland,13575.0,84.0,523.0
GM1525,84.7,9.4,4.6,0.3,53.3,46.4,49.8,56.8,11.1,7.4,0.6,11.7,0.7,10.8,1.3,23.3,1.0,7.3,0.6,29.7,0.5,41.8,1.0,1.8,8.2,Teylingen,PV28,Zuid-Holland,37440.0,1319.0,508.0
GM0716,78.5,16.8,10.1,0.9,43.2,55.8,46.8,36.3,18.2,5.1,0.9,1.6,1.1,2.1,11.9,2.8,0.8,2.6,0.9,4.0,1.6,3.7,1.0,16.2,27.1,Tholen,PV29,Zeeland,25757.0,176.0,523.0
GM0281,75.8,16.5,10.7,0.6,44.1,55.4,45.1,41.6,23.1,5.2,1.7,5.1,0.9,10.1,2.5,8.0,1.8,24.2,0.9,36.6,0.9,38.5,1.9,1.7,33.4,Tiel,PV25,Gelderland,42159.0,1282.0,551.0
GM0855,78.2,16.0,10.5,2.0,46.8,51.2,49.1,53.9,17.8,5.8,0.7,24.7,0.7,32.7,1.6,18.1,0.9,77.2,0.6,138.5,0.6,101.5,2.9,2.5,3.9,Tilburg,PV30,Noord-Brabant,219789.0,1892.0,531.0
GM0183,85.4,12.6,6.5,0.9,47.4,51.7,53.7,55.3,15.8,12.7,2.0,2.6,1.7,3.5,3.9,9.9,1.6,3.3,2.4,4.5,1.0,12.4,1.2,10.6,11.0,Tubbergen,PV23,Overijssel,21275.0,145.0,572.0
GM1700,79.9,18.0,11.0,1.3,39.2,59.5,47.6,41.8,17.5,7.1,1.0,4.1,1.0,4.8,2.7,10.1,1.0,4.5,0.8,7.3,1.0,7.3,1.2,2.9,12.2,Twenterand,PV23,Overijssel,33743.0,318.0,527.0
GM1730,81.7,10.5,7.3,2.0,52.2,45.8,53.3,56.0,14.3,6.7,1.4,4.7,1.4,4.3,3.1,12.7,1.4,4.7,1.4,6.9,1.0,16.7,2.4,8.8,14.0,Tynaarlo,PV22,Drenthe,33887.0,237.0,668.0
GM0737,81.1,12.1,8.0,1.5,50.1,48.4,52.3,43.1,14.6,6.2,1.6,2.0,1.4,4.1,5.2,7.4,1.6,4.3,2.6,3.9,1.4,5.9,1.7,5.2,14.9,Tytsjerksteradiel,PV21,Friesland,32052.0,215.0,534.0
GM0856,78.6,15.0,10.3,1.2,48.3,50.5,49.4,56.3,14.7,6.9,1.2,4.9,0.8,12.7,1.8,13.8,1.0,21.8,0.6,36.8,0.9,39.8,1.4,15.5,27.0,Uden,PV30,Noord-Brabant,42119.0,629.0,572.0
GM0450,85.8,9.1,4.9,2.3,50.7,46.9,63.1,59.7,13.1,6.4,0.9,9.8,0.7,10.6,1.4,22.3,1.1,10.7,1.1,19.6,1.0,29.9,1.2,2.1,14.4,Uitgeest,PV27,Noord-Holland,13666.0,713.0,483.0
GM0451,80.0,13.5,8.3,1.9,50.9,47.3,46.1,57.5,15.6,6.5,1.5,5.4,0.8,8.1,2.1,34.9,1.2,9.9,0.7,19.3,0.7,38.4,1.6,11.5,12.3,Uithoorn,PV27,Noord-Holland,29478.0,1625.0,505.0
GM0184,83.7,12.3,5.6,2.7,51.5,45.8,49.6,43.9,22.7,6.8,0.7,4.0,0.7,6.3,1.4,2.0,1.5,7.0,0.6,10.3,1.5,12.3,1.0,23.4,42.5,Urk,PV24,Flevoland,21031.0,1599.0,354.0
GM0344,83.1,11.1,7.2,2.2,60.2,37.6,60.0,64.1,18.2,6.5,0.6,31.3,0.6,51.7,1.6,29.6,0.9,85.0,0.5,230.4,0.5,337.1,2.0,1.7,3.9,Utrecht,PV26,Utrecht,357597.0,3811.0,360.0
GM1581,82.7,13.1,7.5,2.9,52.6,44.6,,,12.8,5.1,1.1,6.2,1.1,6.1,1.8,24.2,1.6,4.2,0.9,15.7,0.7,26.6,1.1,4.4,15.7,Utrechtse Heuvelrug,PV26,Utrecht,49580.0,376.0,512.0
GM0981,71.1,18.5,12.9,1.3,45.7,53.0,42.1,44.3,20.1,4.4,1.4,2.1,1.3,3.8,1.7,8.3,0.6,11.5,1.0,6.2,0.4,29.1,0.6,14.5,17.1,Vaals,PV31,Limburg,10105.0,423.0,476.0
GM0994,75.5,19.0,11.1,1.3,47.8,50.9,45.2,44.4,18.6,7.0,1.0,8.0,1.2,6.6,2.2,19.9,0.5,36.9,1.0,26.4,0.7,82.5,0.8,1.5,9.3,Valkenburg aan de Geul,PV31,Limburg,16367.0,446.0,553.0
GM0858,79.1,14.2,8.8,1.0,48.8,50.2,47.8,51.5,19.7,7.2,0.9,8.3,1.0,9.5,1.8,20.0,0.7,23.2,0.6,31.1,0.8,36.9,1.1,11.1,12.0,Valkenswaard,PV30,Noord-Brabant,31193.0,568.0,546.0
GM0047,78.6,15.4,11.3,1.4,36.8,61.9,43.4,40.8,19.1,4.4,1.2,6.1,1.2,7.3,2.4,7.8,1.1,12.3,0.9,21.2,1.0,20.3,1.9,2.8,27.7,Veendam,PV20,Groningen,27384.0,360.0,530.0
GM0345,78.0,14.4,9.2,1.8,46.4,51.8,,,14.9,3.6,1.0,13.3,0.7,14.3,1.6,17.4,1.2,15.9,0.7,55.6,0.9,51.2,1.6,1.5,23.8,Veenendaal,PV26,Utrecht,66493.0,3417.0,484.0
GM0717,81.8,10.2,6.0,1.4,52.4,46.2,56.2,43.6,11.7,6.9,1.4,3.5,1.2,5.0,9.2,2.0,2.1,5.3,0.9,14.9,1.1,23.9,1.4,9.7,79.9,Veere,PV29,Zeeland,21880.0,165.0,551.0
GM0861,80.7,11.4,6.7,1.2,52.1,46.7,49.2,56.3,11.2,6.0,0.8,12.0,0.8,19.3,2.1,22.5,1.2,26.5,0.7,55.7,0.8,50.6,2.7,6.6,7.9,Veldhoven,PV30,Noord-Brabant,45466.0,1435.0,515.0
GM0453,76.6,15.4,9.4,1.5,49.5,49.0,55.4,51.8,17.2,7.2,0.6,14.1,0.6,14.8,1.5,22.9,1.2,21.0,0.5,49.2,0.5,62.0,1.5,3.4,8.5,Velsen,PV27,Noord-Holland,68648.0,1519.0,473.0
GM0983,75.0,19.3,11.7,1.6,45.3,53.1,52.6,46.5,19.1,6.2,0.9,8.3,0.7,21.3,2.2,7.0,0.7,53.1,0.5,78.9,0.8,75.3,1.4,2.4,3.5,Venlo,PV31,Limburg,101802.0,819.0,479.0
GM0984,76.1,16.8,9.6,1.3,44.7,54.0,52.9,55.8,15.7,5.3,1.6,3.5,1.3,8.3,2.9,5.0,1.0,15.7,1.0,27.1,1.3,19.0,1.5,3.8,24.6,Venray,PV31,Limburg,43614.0,267.0,530.0
GM1961,78.1,14.3,8.4,0.9,47.7,51.4,,,18.7,4.4,1.2,5.1,1.1,5.6,3.5,12.5,1.4,6.6,1.2,14.3,1.0,15.0,2.0,7.0,21.8,Vijfheerenlanden,PV26,Utrecht,56811.0,388.0,611.0
GM0622,78.7,14.9,10.4,1.4,43.3,55.3,45.2,44.6,17.4,4.7,0.7,16.2,0.7,29.1,1.5,48.3,0.7,49.5,0.6,74.4,0.7,81.3,1.5,6.0,10.2,Vlaardingen,PV28,Zuid-Holland,73397.0,3114.0,425.0
GM0096,,,,,,,,,,,0.6,1.0,0.5,3.0,19.1,1.0,0.6,1.0,0.4,5.0,0.3,9.9,35.4,34.0,61.4,Vlieland,PV21,Friesland,1155.0,30.0,366.0
GM0718,74.1,18.4,10.7,1.7,44.9,53.5,55.8,44.6,19.3,4.1,0.7,10.9,0.8,15.0,2.6,2.0,0.8,27.9,0.8,61.1,0.9,59.5,1.2,3.0,74.9,Vlissingen,PV29,Zeeland,44360.0,1293.0,465.0
GM0986,73.9,15.3,9.8,1.9,43.8,54.3,49.4,50.7,13.4,5.0,1.0,8.0,1.5,8.3,4.1,19.6,0.6,35.8,0.5,45.3,0.7,53.9,1.3,1.7,5.8,Voerendaal,PV31,Limburg,12475.0,396.0,579.0
GM0626,85.1,10.4,7.3,2.3,50.8,46.9,55.7,58.3,14.4,6.1,0.7,24.2,0.8,20.6,1.3,44.1,0.8,35.6,0.6,63.9,0.6,108.4,1.3,1.5,5.5,Voorschoten,PV28,Zuid-Holland,25596.0,2297.0,453.0
GM0285,80.5,14.9,9.9,1.1,46.0,53.0,52.7,49.7,14.2,8.1,1.5,2.6,1.5,4.7,3.3,12.3,2.3,4.2,1.3,13.5,1.2,19.0,1.0,2.5,6.7,Voorst,PV25,Gelderland,24552.0,200.0,532.0
GM0865,82.3,13.7,8.6,1.6,53.2,45.2,55.6,63.1,12.8,6.3,1.0,6.8,0.9,10.8,2.0,21.9,0.8,31.2,0.7,54.0,0.6,87.5,1.1,1.8,5.2,Vught,PV30,Noord-Brabant,26558.0,787.0,485.0
GM1949,80.3,11.8,7.3,1.1,44.3,54.6,52.0,45.4,17.4,8.0,1.6,2.1,1.6,3.3,4.4,6.1,2.7,3.9,2.3,5.5,2.2,5.1,1.4,6.4,16.4,Waadhoeke,PV21,Friesland,46090.0,162.0,518.0
GM0866,79.5,11.3,7.3,1.1,50.7,48.3,57.6,58.0,8.7,6.2,0.8,13.6,0.9,18.8,5.0,23.0,1.8,44.2,0.6,62.2,0.7,75.6,1.4,7.1,7.1,Waalre,PV30,Noord-Brabant,17456.0,780.0,544.0
GM0867,79.9,17.7,11.4,1.6,44.1,54.3,45.5,51.8,15.7,4.6,1.0,9.3,0.9,13.3,2.5,19.4,0.8,23.5,0.8,36.2,0.6,45.7,1.5,15.2,15.9,Waalwijk,PV30,Noord-Brabant,48637.0,753.0,544.0
GM0627,81.6,13.3,8.7,1.2,45.2,53.6,48.8,47.4,13.0,4.5,0.7,7.9,0.8,13.8,1.8,25.9,1.1,6.5,0.6,24.0,0.6,28.8,0.9,1.1,7.1,Waddinxveen,PV28,Zuid-Holland,29291.0,1055.0,502.0
GM0289,83.7,10.9,6.4,4.3,60.3,35.5,63.4,63.3,15.0,7.4,0.9,11.3,0.7,11.8,1.6,16.8,0.9,16.7,0.6,46.8,0.8,51.0,1.1,6.7,17.6,Wageningen,PV25,Gelderland,39664.0,1304.0,340.0
GM0629,80.7,13.7,8.4,2.0,52.1,45.9,52.7,55.6,12.1,8.3,1.1,5.9,1.2,9.7,1.9,41.9,1.4,6.5,1.0,31.3,0.8,47.9,1.0,3.8,6.9,Wassenaar,PV28,Zuid-Holland,26305.0,515.0,509.0
GM0852,83.5,11.0,6.6,1.2,52.3,46.5,50.9,56.2,12.5,7.2,1.0,2.2,2.0,1.9,7.9,22.9,2.7,2.5,1.9,9.3,0.8,13.0,0.8,11.1,15.1,Waterland,PV27,Noord-Holland,17424.0,334.0,464.0
GM0988,76.9,18.2,10.7,1.3,48.8,49.9,54.2,51.4,15.7,5.8,0.9,11.6,0.9,11.9,2.8,6.2,0.6,37.1,0.7,41.4,1.0,39.5,1.4,2.6,22.8,Weert,PV31,Limburg,50105.0,480.0,500.0
GM0457,81.7,9.4,6.5,0.8,51.5,47.7,48.2,53.0,15.3,6.0,0.7,8.0,0.8,5.0,1.1,37.8,0.8,8.7,0.6,14.8,0.6,40.9,1.2,1.4,15.4,Weesp,PV27,Noord-Holland,19738.0,866.0,416.0
GM1960,77.8,13.6,7.1,1.5,42.3,56.2,47.3,46.4,16.7,5.0,1.4,3.7,1.3,4.4,4.9,6.8,2.1,4.3,1.3,10.2,2.2,9.5,1.4,4.7,26.1,West Betuwe,PV25,Gelderland,51128.0,237.0,556.0
GM0668,78.9,16.3,8.0,0.8,45.6,53.6,48.0,47.3,15.3,5.2,1.4,2.6,1.9,3.2,4.4,8.2,1.1,4.9,0.9,8.0,0.7,8.1,1.8,12.2,25.5,West Maas en Waal,PV25,Gelderland,19324.0,252.0,581.0
GM1969,80.5,11.2,8.1,0.8,46.5,52.7,44.8,43.3,15.5,4.9,1.7,2.9,1.4,4.4,4.2,9.7,2.1,3.0,1.8,5.5,1.6,8.6,1.1,9.3,18.5,Westerkwartier,PV20,Groningen,63329.0,175.0,536.0
GM1701,80.3,13.6,7.6,1.6,46.8,51.6,49.7,45.6,14.0,8.3,2.2,1.4,2.4,1.6,7.1,3.8,6.5,0.6,1.9,3.7,1.2,8.7,1.1,11.8,42.9,Westerveld,PV22,Drenthe,19460.0,70.0,585.0
GM0293,78.1,17.6,10.3,2.2,43.1,54.7,50.1,49.6,20.2,6.3,0.8,7.3,0.6,15.8,1.5,18.3,0.8,15.7,0.6,28.6,0.8,30.8,2.7,1.5,7.5,Westervoort,PV25,Gelderland,14971.0,2130.0,493.0
GM1950,75.9,15.8,10.7,2.0,39.8,58.2,46.3,35.4,18.9,4.0,1.9,1.7,2.1,2.5,7.3,4.1,2.5,2.3,1.9,3.5,1.3,6.4,1.3,14.6,50.9,Westerwolde,PV20,Groningen,25733.0,93.0,564.0
GM1783,81.3,12.5,7.8,1.2,50.4,48.5,50.7,55.1,13.3,5.4,0.8,11.8,0.9,17.8,1.5,34.5,1.0,13.5,0.7,46.1,0.7,43.2,0.9,10.2,12.5,Westland,PV28,Zuid-Holland,110375.0,1358.0,504.0
GM0098,81.5,13.7,8.0,1.0,46.3,52.7,51.0,44.5,19.0,7.7,1.9,2.7,2.2,3.4,5.0,4.0,2.7,5.3,1.6,5.9,1.5,8.0,1.7,5.4,44.4,Weststellingwerf,PV21,Friesland,25914.0,118.0,535.0
GM0614,77.7,14.9,9.3,1.1,48.4,50.5,45.6,48.6,12.5,5.7,1.1,2.4,1.1,2.4,1.1,6.7,3.3,2.6,1.0,8.5,0.9,14.8,1.5,28.8,32.9,Westvoorne,PV28,Zuid-Holland,14731.0,277.0,599.0
GM0189,82.5,14.8,8.8,0.6,46.4,53.1,49.6,47.5,13.1,6.3,1.3,5.3,1.1,6.9,2.7,12.5,1.2,7.9,1.2,10.9,1.0,16.1,1.3,2.6,7.9,Wierden,PV23,Overijssel,24446.0,258.0,793.0
GM0296,77.3,15.1,8.7,1.4,47.1,51.5,52.0,52.9,15.6,5.4,1.3,8.6,1.2,8.3,2.4,13.8,1.7,6.1,1.0,23.2,1.3,25.1,1.5,2.4,11.3,Wijchen,PV25,Gelderland,41110.0,621.0,525.0
GM1696,82.1,11.6,7.1,2.1,47.8,50.1,46.7,49.3,13.1,9.5,1.3,8.6,1.5,7.0,2.8,24.7,1.8,14.0,0.9,27.3,0.6,49.5,2.1,6.1,7.5,Wijdemeren,PV27,Noord-Holland,24358.0,512.0,581.0
GM0352,80.2,13.0,8.9,1.9,52.5,45.6,,,18.9,7.9,0.6,6.3,0.8,5.8,2.0,16.9,1.4,7.1,0.8,9.1,0.8,18.6,1.6,10.6,21.3,Wijk bij Duurstede,PV26,Utrecht,23914.0,502.0,515.0
GM0294,79.4,14.3,8.6,1.5,46.6,52.0,53.4,44.7,16.1,6.0,1.6,5.3,1.2,10.0,2.0,5.3,1.3,7.4,1.1,22.1,1.0,26.4,1.2,2.2,38.4,Winterswijk,PV25,Gelderland,28854.0,209.0,497.0
GM0873,75.3,16.5,10.0,1.8,40.3,57.9,46.0,49.6,14.4,5.2,1.0,3.6,0.8,5.1,3.5,3.8,0.7,5.9,0.8,8.3,0.6,14.5,1.4,11.2,19.8,Woensdrecht,PV30,Noord-Brabant,21876.0,239.0,562.0
GM0632,81.0,10.6,6.1,1.6,51.4,47.1,,,13.7,5.2,1.1,5.8,0.9,8.2,2.9,22.9,1.4,6.3,1.2,22.1,0.8,36.5,1.5,2.9,16.9,Woerden,PV26,Utrecht,52299.0,590.0,471.0
GM1690,82.6,12.8,7.6,1.5,44.5,54.1,45.3,45.6,14.2,8.0,2.0,1.2,1.7,2.0,8.3,6.1,4.4,0.8,2.0,3.3,1.4,6.1,2.5,9.6,33.6,De Wolden,PV22,Drenthe,24330.0,108.0,586.0
GM0880,81.7,14.4,8.0,1.5,46.3,52.2,48.9,53.2,14.5,7.0,1.1,11.2,1.3,11.3,1.4,29.1,1.1,14.2,1.0,33.7,0.8,41.1,1.8,2.5,15.1,Wormerland,PV27,Noord-Holland,16270.0,422.0,484.0
GM0351,82.6,12.2,6.2,0.8,53.0,46.2,,,11.7,4.2,1.0,3.6,0.9,5.2,1.1,22.6,1.1,3.3,1.0,8.5,0.8,10.4,0.7,5.2,10.4,Woudenberg,PV26,Utrecht,13362.0,366.0,499.0
GM0479,76.9,16.0,9.9,1.4,45.9,52.7,47.3,45.9,19.4,5.9,0.8,15.9,0.6,20.9,2.4,37.8,1.3,25.9,0.6,56.4,0.6,53.7,1.6,2.1,11.1,Zaanstad,PV27,Noord-Holland,156794.0,2123.0,419.0
GM0297,77.9,15.0,7.9,1.5,44.4,54.0,42.6,44.2,20.7,7.2,1.2,5.0,1.1,4.2,4.8,11.0,1.9,3.8,1.2,12.9,1.5,13.5,1.6,5.6,17.4,Zaltbommel,PV25,Gelderland,28881.0,364.0,514.0
GM0473,79.4,17.2,11.0,1.6,53.0,45.4,50.2,49.9,19.4,9.6,0.7,5.0,0.7,5.1,1.4,17.1,1.0,11.8,0.5,27.3,0.5,70.0,1.9,1.0,9.4,Zandvoort,PV27,Noord-Holland,17116.0,533.0,456.0
GM0050,83.2,9.3,5.6,2.0,47.0,51.0,49.5,54.6,15.4,5.8,1.9,3.6,1.4,6.4,2.5,5.2,2.3,0.9,1.7,9.4,1.4,15.4,2.0,14.0,26.8,Zeewolde,PV24,Flevoland,22653.0,92.0,738.0
GM0355,79.2,13.0,8.5,2.0,54.5,43.5,,,14.1,5.9,0.9,11.8,0.8,15.7,2.2,35.2,1.5,12.5,0.7,40.3,0.8,62.9,1.9,3.7,10.7,Zeist,PV26,Utrecht,64905.0,1338.0,561.0
GM0299,76.9,16.3,8.7,2.1,40.9,56.9,52.5,46.4,17.5,8.4,1.3,5.0,1.1,6.6,4.0,15.8,1.1,11.3,0.9,14.4,1.0,25.5,1.4,4.3,17.0,Zevenaar,PV25,Gelderland,43750.0,472.0,536.0
GM0637,77.5,17.2,10.4,1.9,46.1,51.9,43.5,46.5,14.7,4.0,1.0,15.1,0.9,18.8,2.0,53.8,1.6,15.3,0.8,59.6,0.7,87.0,2.1,3.3,13.8,Zoetermeer,PV28,Zuid-Holland,125285.0,3637.0,457.0
GM0638,86.4,10.9,5.5,1.3,49.1,49.6,54.9,55.4,13.4,6.2,0.8,19.3,0.8,16.7,4.1,37.9,1.8,47.7,1.0,65.0,0.6,116.3,1.0,4.0,5.8,Zoeterwoude,PV28,Zuid-Holland,8605.0,406.0,474.0
GM1892,83.5,12.4,6.5,1.3,47.1,51.6,42.1,51.6,12.3,6.1,0.9,9.3,0.9,9.5,3.2,37.0,1.1,7.0,1.2,18.2,0.7,26.9,1.7,3.5,10.3,Zuidplas,PV28,Zuid-Holland,43885.0,756.0,502.0
GM0879,78.6,13.9,8.1,0.8,44.4,54.8,48.4,47.4,12.2,8.5,2.2,0.9,1.3,3.8,3.5,9.7,1.0,13.3,1.3,7.3,1.0,12.3,1.3,12.9,15.5,Zundert,PV30,Noord-Brabant,21829.0,181.0,569.0
GM0301,79.6,14.0,9.0,1.7,50.6,47.7,54.0,49.2,16.8,5.0,0.8,10.4,0.7,14.0,1.6,15.7,1.5,19.2,0.7,37.7,1.1,48.9,0.9,2.6,2.6,Zutphen,PV25,Gelderland,47934.0,1170.0,446.0
GM1896,83.0,12.2,7.8,1.9,42.5,55.6,46.4,41.1,18.2,7.6,1.0,2.9,1.1,3.3,3.7,11.8,1.1,3.4,1.0,6.9,1.0,8.1,1.0,11.4,15.3,Zwartewaterland,PV23,Overijssel,22685.0,275.0,493.0
GM0642,75.2,15.0,10.2,2.1,41.2,56.7,40.6,41.9,14.9,5.6,0.7,16.8,0.6,22.4,2.5,31.2,1.4,21.1,0.5,67.9,0.7,69.3,1.7,2.0,5.4,Zwijndrecht,PV28,Zuid-Holland,44737.0,2204.0,480.0
GM0193,82.6,12.8,7.2,2.1,52.1,45.8,54.6,54.4,17.6,5.7,0.9,14.6,0.8,23.9,1.5,16.4,2.1,34.2,0.9,61.6,0.9,105.6,1.9,2.7,3.5,Zwolle,PV23,Overijssel,128840.0,1160.0,430.0
